{
  "loss": 0.21564043648188422,
  "dice": 0.9030403750461948,
  "iou": 0.8232211601080817,
  "precision": 0.895419532352597,
  "recall": 0.9107920520021958,
  "tp": 27740295.0,
  "fp": 3239926.0,
  "fn": 2717036.0,
  "tn": 962449943.0
}