{
  "loss": 0.31474180253488676,
  "dice": 0.8504849937571248,
  "iou": 0.7398641941499473,
  "precision": 0.8447521655163542,
  "recall": 0.8562961642200435,
  "tp": 3476994.0,
  "fp": 638999.0,
  "fn": 583510.0,
  "tn": 126372497.0
}