{
  "run_name": "b33_lglb_auglite_e200_constlr_bs6",
  "num_cases": 358,
  "threshold": 0.5,
  "mean_dice": 0.8625878226719135,
  "mean_iou": 0.7744233511060328,
  "mean_precision": 0.8611555912628474,
  "mean_recall": 0.8865397481490145,
  "median_dice": 0.9017535151885424,
  "median_iou": 0.8210848968137111,
  "median_precision": 0.905875891493852,
  "median_recall": 0.9398165727894996,
  "module_name": "train_resnet34_unet_brr_b33_lglb_e200",
  "class_name": "ResNet34UNetBRRB33LGLB",
  "checkpoint": "/share/home/u2515283028/caries_project/runs/b33_lglb_auglite_e200_constlr_bs6/checkpoints/best.pth",
  "per_case_csv": "/share/home/u2515283028/caries_project/runs/b33_lglb_auglite_e200_constlr_bs6/per_case_metrics.csv"
}