{
  "best_epoch": 165,
  "best_val_dice_during_training": 0.8504849937571248,
  "best_train_metrics": {
    "loss": 0.21564043648188422,
    "dice": 0.9030403750461948,
    "iou": 0.8232211601080817,
    "precision": 0.895419532352597,
    "recall": 0.9107920520021958,
    "tp": 27740295.0,
    "fp": 3239926.0,
    "fn": 2717036.0,
    "tn": 962449943.0
  },
  "best_val_metrics": {
    "loss": 0.31474180253488676,
    "dice": 0.8504849937571248,
    "iou": 0.7398641941499473,
    "precision": 0.8447521655163542,
    "recall": 0.8562961642200435,
    "tp": 3476994.0,
    "fp": 638999.0,
    "fn": 583510.0,
    "tn": 126372497.0
  },
  "test_metrics": {
    "loss": 0.2661464589337508,
    "dice": 0.8770225809787193,
    "iou": 0.7809797117230678,
    "precision": 0.8697644291673371,
    "recall": 0.8844028902030213,
    "tp": 2731236.0,
    "fp": 408966.0,
    "fn": 356990.0,
    "tn": 90350360.0
  }
}