{
  "loss": 0.10713454810696821,
  "dice": 0.9234819404710355,
  "iou": 0.8645640323966836,
  "precision": 0.9195722783401561,
  "recall": 0.9339249223376674
}