{
  "loss": 0.2681806879561572,
  "dice": 0.8059162078868776,
  "iou": 0.7059340696959269,
  "precision": 0.8295858864273343,
  "recall": 0.8261154890060425
}