{
  "best_epoch": 35,
  "best_val_dice_during_training": 0.8059162078868776,
  "best_train_metrics": {
    "loss": 0.10713454810696821,
    "dice": 0.9234819404710355,
    "iou": 0.8645640323966836,
    "precision": 0.9195722783401561,
    "recall": 0.9339249223376674
  },
  "best_val_metrics": {
    "loss": 0.2681806879561572,
    "dice": 0.8059162078868776,
    "iou": 0.7059340696959269,
    "precision": 0.8295858864273343,
    "recall": 0.8261154890060425
  },
  "test_metrics": {
    "loss": 0.21099657006561756,
    "dice": 0.8468096067508062,
    "iou": 0.7560758079091708,
    "precision": 0.865864273905754,
    "recall": 0.8568961848815282
  }
}