{
  "loss": 0.2104128260365232,
  "dice": 0.9050444272447967,
  "iou": 0.826558126890449,
  "precision": 0.9075054212442276,
  "recall": 0.9025967447068994,
  "tp": 27278759.0,
  "fp": 2780300.0,
  "fn": 2943773.0,
  "tn": 963144368.0
}