{
  "loss": 0.31815090207826524,
  "dice": 0.8478930094426488,
  "iou": 0.7359498869393186,
  "precision": 0.8497662790240712,
  "recall": 0.8460279807630171,
  "tp": 3435300.0,
  "fp": 607341.0,
  "fn": 625204.0,
  "tn": 126404155.0
}