{
  "run_name": "b31_ssgcb_auglite_e200_constlr_bs6",
  "num_cases": 358,
  "threshold": 0.5,
  "mean_dice": 0.8677383688072843,
  "mean_iou": 0.7815477546232412,
  "mean_precision": 0.8828157790662085,
  "mean_recall": 0.8754904058101345,
  "median_dice": 0.9073069812403495,
  "median_iou": 0.8303402380098696,
  "median_precision": 0.9205740153188757,
  "median_recall": 0.9242618452280522,
  "module_name": "train_resnet34_unet_brr_b31_ssgcb_e200",
  "class_name": "ResNet34UNetBRRB31SSGCB",
  "checkpoint": "/share/home/u2515283028/caries_project/runs/b31_ssgcb_auglite_e200_constlr_bs6/checkpoints/best.pth",
  "per_case_csv": "/share/home/u2515283028/caries_project/runs/b31_ssgcb_auglite_e200_constlr_bs6/per_case_metrics.csv"
}