{
  "best_epoch": 185,
  "best_val_dice_during_training": 0.8478930094426488,
  "best_train_metrics": {
    "loss": 0.2104128260365232,
    "dice": 0.9050444272447967,
    "iou": 0.826558126890449,
    "precision": 0.9075054212442276,
    "recall": 0.9025967447068994,
    "tp": 27278759.0,
    "fp": 2780300.0,
    "fn": 2943773.0,
    "tn": 963144368.0
  },
  "best_val_metrics": {
    "loss": 0.31815090207826524,
    "dice": 0.8478930094426488,
    "iou": 0.7359498869393186,
    "precision": 0.8497662790240712,
    "recall": 0.8460279807630171,
    "tp": 3435300.0,
    "fp": 607341.0,
    "fn": 625204.0,
    "tn": 126404155.0
  },
  "test_metrics": {
    "loss": 0.25822058841586115,
    "dice": 0.8815106373095394,
    "iou": 0.7881260803313782,
    "precision": 0.8906429203665958,
    "recall": 0.8725637307632691,
    "tp": 2694674.0,
    "fp": 330864.0,
    "fn": 393552.0,
    "tn": 90428462.0
  }
}