{
  "loss": 0.19144316471243505,
  "seg_loss": 0.16122742935027987,
  "edge_loss": 0.10071911320254817,
  "dice": 0.8806372234121859,
  "iou": 0.7994905504330475,
  "precision": 0.8701662754974907,
  "recall": 0.9076902731924027
}