{
  "loss": 0.3222143713917051,
  "seg_loss": 0.27384524801302523,
  "edge_loss": 0.16123040197860627,
  "dice": 0.7954435213690713,
  "iou": 0.6930066442915371,
  "precision": 0.8128162860160782,
  "recall": 0.827726464186396
}