{
  "best_epoch": 17,
  "best_val_dice_during_training": 0.7954435213690713,
  "best_train_metrics": {
    "loss": 0.19144316471243505,
    "seg_loss": 0.16122742935027987,
    "edge_loss": 0.10071911320254817,
    "dice": 0.8806372234121859,
    "iou": 0.7994905504330475,
    "precision": 0.8701662754974907,
    "recall": 0.9076902731924027
  },
  "best_val_metrics": {
    "loss": 0.3222143713917051,
    "seg_loss": 0.27384524801302523,
    "edge_loss": 0.16123040197860627,
    "dice": 0.7954435213690713,
    "iou": 0.6930066442915371,
    "precision": 0.8128162860160782,
    "recall": 0.827726464186396
  },
  "test_metrics": {
    "loss": 0.25992198238770164,
    "seg_loss": 0.21926020309329033,
    "edge_loss": 0.13553925889233748,
    "dice": 0.8375903189182281,
    "iou": 0.7403358563780784,
    "precision": 0.8391591131687164,
    "recall": 0.8700198352336883
  }
}