{
  "loss": 0.11674914464401522,
  "dice": 0.9076556476884836,
  "iou": 0.8396498755513682,
  "precision": 0.9062209001474952,
  "recall": 0.9180871929844096
}