{
  "loss": 0.25896414422563147,
  "dice": 0.7992421282189233,
  "iou": 0.6980756833439782,
  "precision": 0.8253143770354134,
  "recall": 0.8204563522622699
}