{
  "best_epoch": 33,
  "best_val_dice_during_training": 0.7992421282189233,
  "best_train_metrics": {
    "loss": 0.11674914464401522,
    "dice": 0.9076556476884836,
    "iou": 0.8396498755513682,
    "precision": 0.9062209001474952,
    "recall": 0.9180871929844096
  },
  "best_val_metrics": {
    "loss": 0.25896414422563147,
    "dice": 0.7992421282189233,
    "iou": 0.6980756833439782,
    "precision": 0.8253143770354134,
    "recall": 0.8204563522622699
  },
  "test_metrics": {
    "loss": 0.21261296023925144,
    "dice": 0.8361214617888133,
    "iou": 0.7402972241242727,
    "precision": 0.8523038138945898,
    "recall": 0.8513077974319458
  }
}