{
  "loss": 0.2647034930774853,
  "dice": 0.7990053736028218,
  "iou": 0.698793198735941,
  "precision": 0.844354204478718,
  "recall": 0.8016878692876725
}