{
  "loss": 0.10237689140584755,
  "dice": 0.9191657238484181,
  "iou": 0.8578105496965373,
  "precision": 0.9238996442278101,
  "recall": 0.9214722189805485
}