{
  "run_name": "resunet_cbsa_mkdc_ed0_ppm_e50_bs6",
  "num_cases": 358,
  "threshold": 0.5,
  "mean_dice": 0.8340036446456852,
  "mean_iou": 0.7406544012030774,
  "mean_precision": 0.8719878995286566,
  "mean_recall": 0.8341141237059322,
  "median_dice": 0.8879888353866596,
  "median_iou": 0.7985432234186549,
  "median_precision": 0.9220114940697204,
  "median_recall": 0.9080929543599089,
  "module_name": "train_resunet_cbsa_mkdc_ed0_ppm",
  "class_name": "ResNet34UNetPPMCBSAMKDC",
  "checkpoint": "/share/home/u2515283028/caries_project/runs/resunet_cbsa_mkdc_ed0_ppm_e50_bs6/checkpoints/best.pth",
  "per_case_csv": "/share/home/u2515283028/caries_project/runs/resunet_cbsa_mkdc_ed0_ppm_e50_bs6/per_case_metrics.csv"
}