{
  "best_epoch": 46,
  "best_val_dice_during_training": 0.7990053736028218,
  "best_train_metrics": {
    "loss": 0.10237689140584755,
    "dice": 0.9191657238484181,
    "iou": 0.8578105496965373,
    "precision": 0.9238996442278101,
    "recall": 0.9214722189805485
  },
  "best_val_metrics": {
    "loss": 0.2647034930774853,
    "dice": 0.7990053736028218,
    "iou": 0.698793198735941,
    "precision": 0.844354204478718,
    "recall": 0.8016878692876725
  },
  "test_metrics": {
    "loss": 0.21631272012988725,
    "dice": 0.8341462522745132,
    "iou": 0.7408936778704326,
    "precision": 0.8723368316888809,
    "recall": 0.8340750247240066
  }
}