{
  "loss": 0.31693111679383684,
  "dice": 0.8496365561996195,
  "iou": 0.7385809769760788,
  "precision": 0.8496308020644818,
  "recall": 0.8496423104127345,
  "tp": 3449976.0,
  "fp": 610583.0,
  "fn": 610528.0,
  "tn": 126400913.0
}