{
  "loss": 0.22571575990657702,
  "dice": 0.8975564673471098,
  "iou": 0.8141518733274776,
  "precision": 0.8947046326820027,
  "recall": 0.9004265403604661,
  "tp": 27476560.0,
  "fp": 3233642.0,
  "fn": 3038489.0,
  "tn": 962398509.0
}