{
  "best_epoch": 165,
  "best_val_dice_during_training": 0.8496365561996195,
  "best_train_metrics": {
    "loss": 0.22571575990657702,
    "dice": 0.8975564673471098,
    "iou": 0.8141518733274776,
    "precision": 0.8947046326820027,
    "recall": 0.9004265403604661,
    "tp": 27476560.0,
    "fp": 3233642.0,
    "fn": 3038489.0,
    "tn": 962398509.0
  },
  "best_val_metrics": {
    "loss": 0.31693111679383684,
    "dice": 0.8496365561996195,
    "iou": 0.7385809769760788,
    "precision": 0.8496308020644818,
    "recall": 0.8496423104127345,
    "tp": 3449976.0,
    "fp": 610583.0,
    "fn": 610528.0,
    "tn": 126400913.0
  },
  "test_metrics": {
    "loss": 0.26652738576134044,
    "dice": 0.8789871478695515,
    "iou": 0.7841008657475245,
    "precision": 0.8750537127160342,
    "recall": 0.882956104896506,
    "tp": 2726768.0,
    "fp": 389347.0,
    "fn": 361458.0,
    "tn": 90369979.0
  },
  "consistency_max_weight": 0.05,
  "consistency_warmup_epochs": 30,
  "consistency_candidate_tau": 0.15,
  "model_parameters": 24438487,
  "trainable_parameters": 24438487
}