{
  "loss": 0.16055537426550137,
  "dice": 0.8840805816650391,
  "iou": 0.8123683919718391,
  "precision": 0.8862499067657872,
  "recall": 0.9073243316851164
}