{
  "loss": 0.287912756472826,
  "dice": 0.7754634959697724,
  "iou": 0.6726245806217194,
  "precision": 0.8253395276069642,
  "recall": 0.7872016899585724
}