{
  "num_cases": 358,
  "mean_dice": 0.8139244190694768,
  "median_dice": 0.885631553508649,
  "std_dice": 0.19406772308865358,
  "min_dice": 7.22908985753467e-12,
  "max_dice": 1.0,
  "mean_iou": 0.7209778207445274,
  "median_iou": 0.7947386688804925,
  "std_iou": 0.21657922448126202,
  "min_iou": 7.22908985753467e-12,
  "max_iou": 1.0,
  "mean_precision": 0.8503849951350049,
  "median_precision": 0.919428501222717,
  "std_precision": 0.176737416777612,
  "min_precision": 1.0948105977546002e-11,
  "max_precision": 1.0,
  "mean_recall": 0.824091739142135,
  "median_recall": 0.9077552612086344,
  "std_recall": 0.20608132652802966,
  "min_recall": 7.22908985753467e-12,
  "max_recall": 1.0,
  "mean_pred_area": 12065.030726256984,
  "median_pred_area": 8939.5,
  "std_pred_area": 10367.980549645472,
  "min_pred_area": 0.0,
  "max_pred_area": 84503.0,
  "mean_gt_area": 12818.849162011173,
  "median_gt_area": 9889.5,
  "std_gt_area": 11104.247735966503,
  "min_gt_area": 0.0,
  "max_gt_area": 80319.0,
  "quartiles_by_gt_area": {
    "Q1": {
      "num_cases": 90,
      "gt_area_min": 0,
      "gt_area_max": 4871,
      "mean_dice": 0.8029657004234437,
      "mean_iou": 0.7179403132780027,
      "mean_precision": 0.8007153279039346,
      "mean_recall": 0.8639524188709138,
      "mean_pred_area": 3551.1444444444446,
      "mean_gt_area": 2742.3
    },
    "Q2": {
      "num_cases": 90,
      "gt_area_min": 4917,
      "gt_area_max": 9912,
      "mean_dice": 0.8059950622742693,
      "mean_iou": 0.7079489833680173,
      "mean_precision": 0.8073866962204528,
      "mean_recall": 0.8364817055548527,
      "mean_pred_area": 7773.122222222222,
      "mean_gt_area": 7165.622222222222
    },
    "Q3": {
      "num_cases": 89,
      "gt_area_min": 9935,
      "gt_area_max": 17460,
      "mean_dice": 0.8099597553830981,
      "mean_iou": 0.7111719313521402,
      "mean_precision": 0.8762230862013488,
      "mean_recall": 0.7982283140610859,
      "mean_pred_area": 12470.730337078652,
      "mean_gt_area": 13305.550561797752
    },
    "Q4": {
      "num_cases": 89,
      "gt_area_min": 17464,
      "gt_area_max": 80319,
      "mean_dice": 0.8369893837638525,
      "mean_iou": 0.7470305757085225,
      "mean_precision": 0.918256083317043,
      "mean_recall": 0.7971174321699853,
      "mean_pred_area": 24609.011235955055,
      "mean_gt_area": 28238.662921348314
    }
  },
  "run_name": "resunet_cbsa_mkdc_ori1_pad640_e80_bs4",
  "split": "test",
  "threshold": 0.5,
  "image_size": 640,
  "input_mode": "original-scale center pad/crop"
}