{
  "best_epoch": 41,
  "best_val_dice_during_training": 0.7754634959697724,
  "best_train_metrics": {
    "loss": 0.16055537426550137,
    "dice": 0.8840805816650391,
    "iou": 0.8123683919718391,
    "precision": 0.8862499067657872,
    "recall": 0.9073243316851164
  },
  "best_val_metrics": {
    "loss": 0.287912756472826,
    "dice": 0.7754634959697724,
    "iou": 0.6726245806217194,
    "precision": 0.8253395276069642,
    "recall": 0.7872016899585724
  },
  "test_metrics": {
    "loss": 0.2506957152237495,
    "dice": 0.8146456738313039,
    "iou": 0.7219399521748225,
    "precision": 0.8507010526127285,
    "recall": 0.8249817119704352
  }
}