{
  "loss": 0.2660202044727547,
  "dice": 0.7986534429447991,
  "iou": 0.6963791180224645,
  "precision": 0.8358262748945327,
  "recall": 0.8043571224524861
}