{
  "loss": 0.12411597023250928,
  "dice": 0.902816650901307,
  "iou": 0.8312737726450719,
  "precision": 0.9033223348273087,
  "recall": 0.9116018507570874
}