{
  "best_epoch": 25,
  "best_val_dice_during_training": 0.7986534429447991,
  "best_train_metrics": {
    "loss": 0.12411597023250928,
    "dice": 0.902816650901307,
    "iou": 0.8312737726450719,
    "precision": 0.9033223348273087,
    "recall": 0.9116018507570874
  },
  "best_val_metrics": {
    "loss": 0.2660202044727547,
    "dice": 0.7986534429447991,
    "iou": 0.6963791180224645,
    "precision": 0.8358262748945327,
    "recall": 0.8043571224524861
  },
  "test_metrics": {
    "loss": 0.21687737293541431,
    "dice": 0.8335136691729228,
    "iou": 0.7383546461661656,
    "precision": 0.8716011047363281,
    "recall": 0.830984158317248
  }
}