{
  "loss": 0.2622791412951691,
  "dice": 0.7968825775952566,
  "iou": 0.6961012730995814,
  "precision": 0.8311263060285932,
  "recall": 0.8155287539675122
}