{
  "loss": 0.1221069441373792,
  "dice": 0.9038554582310023,
  "iou": 0.8344019438942148,
  "precision": 0.9108921345852151,
  "recall": 0.9077258571653336
}