{
  "best_epoch": 41,
  "best_val_dice_during_training": 0.7968825775952566,
  "best_train_metrics": {
    "loss": 0.1221069441373792,
    "dice": 0.9038554582310023,
    "iou": 0.8344019438942148,
    "precision": 0.9108921345852151,
    "recall": 0.9077258571653336
  },
  "best_val_metrics": {
    "loss": 0.2622791412951691,
    "dice": 0.7968825775952566,
    "iou": 0.6961012730995814,
    "precision": 0.8311263060285932,
    "recall": 0.8155287539675122
  },
  "test_metrics": {
    "loss": 0.20942841762055953,
    "dice": 0.8366161108016967,
    "iou": 0.7434286087751388,
    "precision": 0.8707457145055135,
    "recall": 0.8393403977155686
  }
}