{
  "loss": 0.2903165053164921,
  "dice": 0.8977224665522109,
  "iou": 0.8144250783595743,
  "precision": 0.9006040690883368,
  "recall": 0.8948592453439544,
  "tp": 27266397.0,
  "fp": 3009279.0,
  "fn": 3203643.0,
  "tn": 962667881.0,
  "loss_local": 0.13983766734600067,
  "local_delta_abs": 6.052673816680908,
  "local_uncertainty": 0.01904069259762764,
  "wl": 0.3
}