{
  "loss": 0.40986012135233196,
  "dice": 0.8507468333405671,
  "iou": 0.7402605953338284,
  "precision": 0.8570658776771654,
  "recall": 0.8445202861517082,
  "tp": 3429178.0,
  "fp": 571889.0,
  "fn": 631326.0,
  "tn": 126439607.0,
  "loss_local": 0.18728256225585938,
  "local_delta_abs": 6.182492256164551,
  "local_uncertainty": 0.023445453494787216,
  "wl": 0.3
}