{
  "best_epoch": 166,
  "best_val_dice_during_training": 0.8507468333405671,
  "best_train_metrics": {
    "loss": 0.2903165053164921,
    "dice": 0.8977224665522109,
    "iou": 0.8144250783595743,
    "precision": 0.9006040690883368,
    "recall": 0.8948592453439544,
    "tp": 27266397.0,
    "fp": 3009279.0,
    "fn": 3203643.0,
    "tn": 962667881.0,
    "loss_local": 0.13983766734600067,
    "local_delta_abs": 6.052673816680908,
    "local_uncertainty": 0.01904069259762764,
    "wl": 0.3
  },
  "best_val_metrics": {
    "loss": 0.40986012135233196,
    "dice": 0.8507468333405671,
    "iou": 0.7402605953338284,
    "precision": 0.8570658776771654,
    "recall": 0.8445202861517082,
    "tp": 3429178.0,
    "fp": 571889.0,
    "fn": 631326.0,
    "tn": 126439607.0,
    "loss_local": 0.18728256225585938,
    "local_delta_abs": 6.182492256164551,
    "local_uncertainty": 0.023445453494787216,
    "wl": 0.3
  },
  "test_metrics": {
    "loss": 0.33557152897119524,
    "dice": 0.8820771182113192,
    "iou": 0.7890321708059385,
    "precision": 0.8857725468684303,
    "recall": 0.878412395984012,
    "tp": 2712736.0,
    "fp": 349829.0,
    "fn": 375490.0,
    "tn": 90409497.0,
    "loss_local": 0.15470407903194427,
    "local_delta_abs": 6.108870029449463,
    "local_uncertainty": 0.029582388699054718,
    "wl": 0.3
  }
}