{
  "loss": 0.24841530320208155,
  "dice": 0.8868971934630309,
  "iou": 0.7967792267295644,
  "precision": 0.8804752236211891,
  "recall": 0.8934135321467546,
  "tp": 27031395.0,
  "fp": 3669520.0,
  "fn": 3224913.0,
  "tn": 962221372.0
}