{
  "loss": 0.3191302828490734,
  "dice": 0.8455538442612094,
  "iou": 0.7324324656095613,
  "precision": 0.8389452756532962,
  "recall": 0.8522673540033818,
  "tp": 3460635.0,
  "fp": 664348.0,
  "fn": 599869.0,
  "tn": 126347148.0
}