{
  "best_epoch": 92,
  "best_val_dice_during_training": 0.8455538442612094,
  "best_train_metrics": {
    "loss": 0.24841530320208155,
    "dice": 0.8868971934630309,
    "iou": 0.7967792267295644,
    "precision": 0.8804752236211891,
    "recall": 0.8934135321467546,
    "tp": 27031395.0,
    "fp": 3669520.0,
    "fn": 3224913.0,
    "tn": 962221372.0
  },
  "best_val_metrics": {
    "loss": 0.3191302828490734,
    "dice": 0.8455538442612094,
    "iou": 0.7324324656095613,
    "precision": 0.8389452756532962,
    "recall": 0.8522673540033818,
    "tp": 3460635.0,
    "fp": 664348.0,
    "fn": 599869.0,
    "tn": 126347148.0
  },
  "test_metrics": {
    "loss": 0.2639690744380156,
    "dice": 0.8759507650424295,
    "iou": 0.7792814921274596,
    "precision": 0.8685243390565545,
    "recall": 0.8835052875016649,
    "tp": 2728464.0,
    "fp": 413030.0,
    "fn": 359762.0,
    "tn": 90346296.0
  },
  "model_parameters": 24522201,
  "trainable_parameters": 24522201,
  "sgdf_parameters": 83714,
  "learned_sgdf_scales": {
    "skip1": 0.1802198737859726,
    "skip2": 0.14648935198783875
  }
}