{
  "loss": 0.055147880932227486,
  "dice": 0.8374092949743395,
  "iou": 0.7202958800155649,
  "mean_iou": 0.8550171506875901,
  "precision": 0.8438635791883181,
  "recall": 0.8310529924364485,
  "specificity": 0.9950841615155844,
  "accuracy": 0.9900026092529297,
  "tp": 3374494.0,
  "fp": 624368.0,
  "fn": 686010.0,
  "tn": 126387128.0
}