{
  "loss": 0.032278469560979295,
  "dice": 0.9022858352449632,
  "iou": 0.8219679259093082,
  "mean_iou": 0.907954037025374,
  "precision": 0.8966084154505828,
  "recall": 0.9080356132706326,
  "specificity": 0.9967645599103986,
  "accuracy": 0.9941050770408228,
  "tp": 27111795.0,
  "fp": 3126372.0,
  "fn": 2745839.0,
  "tn": 963163194.0
}