{
  "num_cases": 358,
  "dice": {
    "mean": 0.84454926173691,
    "std": 0.1294214379137788,
    "median": 0.8897754107029203
  },
  "iou": {
    "mean": 0.748527710245681,
    "std": 0.1599324358797973,
    "median": 0.8014392793893609
  },
  "mean_iou": {
    "mean": 0.8696805492525815,
    "std": 0.08255557609322464,
    "median": 0.8959595931641677
  },
  "precision": {
    "mean": 0.8535904611407271,
    "std": 0.1430053040810226,
    "median": 0.9040137038841598
  },
  "recall": {
    "mean": 0.8587522732608595,
    "std": 0.14533139856002394,
    "median": 0.9090999651346874
  },
  "specificity": {
    "mean": 0.9956286881148563,
    "std": 0.005421706274681842,
    "median": 0.9972800096077553
  },
  "accuracy": {
    "mean": 0.9911656193227412,
    "std": 0.008790950996846509,
    "median": 0.9938678741455312
  }
}