{
  "best_epoch": 137,
  "best_global_step": 86858,
  "checkpoint_selection": {
    "metric": "loss",
    "mode": "min",
    "best_value_during_training": 0.05514788104309922
  },
  "stopped_early": false,
  "completed_global_steps": 95100,
  "best_train_metrics": {
    "loss": 0.032278469560979295,
    "dice": 0.9022858352449632,
    "iou": 0.8219679259093082,
    "mean_iou": 0.907954037025374,
    "precision": 0.8966084154505828,
    "recall": 0.9080356132706326,
    "specificity": 0.9967645599103986,
    "accuracy": 0.9941050770408228,
    "tp": 27111795.0,
    "fp": 3126372.0,
    "fn": 2745839.0,
    "tn": 963163194.0
  },
  "best_val_metrics": {
    "loss": 0.055147880932227486,
    "dice": 0.8374092949743395,
    "iou": 0.7202958800155649,
    "mean_iou": 0.8550171506875901,
    "precision": 0.8438635791883181,
    "recall": 0.8310529924364485,
    "specificity": 0.9950841615155844,
    "accuracy": 0.9900026092529297,
    "tp": 3374494.0,
    "fp": 624368.0,
    "fn": 686010.0,
    "tn": 126387128.0
  },
  "test_metrics": {
    "loss": 0.04521824304635326,
    "dice": 0.8648509870001503,
    "iou": 0.7618832215822079,
    "mean_iou": 0.8763959292091672,
    "precision": 0.8707919220660534,
    "recall": 0.8589905661049875,
    "specificity": 0.9956630792961155,
    "accuracy": 0.9911656193227076,
    "tp": 2652757.0,
    "fp": 393616.0,
    "fn": 435469.0,
    "tn": 90365710.0
  }
}