{
  "loss": 0.3093037845655566,
  "dice": 0.7663283497095108,
  "iou": 0.6558174196453321,
  "precision": 0.8031655085228738,
  "recall": 0.7821304500102997
}