{
  "loss": 0.19663250506253271,
  "dice": 0.8488126262693375,
  "iou": 0.7502604213422781,
  "precision": 0.8558961670105389,
  "recall": 0.8623689301194453
}