{
  "best_epoch": 15,
  "best_val_dice_during_training": 0.7663283497095108,
  "best_train_metrics": {
    "loss": 0.19663250506253271,
    "dice": 0.8488126262693375,
    "iou": 0.7502604213422781,
    "precision": 0.8558961670105389,
    "recall": 0.8623689301194453
  },
  "best_val_metrics": {
    "loss": 0.3093037845655566,
    "dice": 0.7663283497095108,
    "iou": 0.6558174196453321,
    "precision": 0.8031655085228738,
    "recall": 0.7821304500102997
  },
  "test_metrics": {
    "loss": 0.2533750628431638,
    "dice": 0.8047863403956096,
    "iou": 0.6976735969384511,
    "precision": 0.8225927025079727,
    "recall": 0.8230118572711944
  }
}