{
  "loss": 0.13671589556975697,
  "seg_loss": 0.11315057932014345,
  "edge_loss": 0.07855105222634713,
  "dice": 0.918075766567176,
  "iou": 0.8547829433758553,
  "precision": 0.9079389582485055,
  "recall": 0.9356619209897254
}