{
  "loss": 0.32262097237010795,
  "seg_loss": 0.27128271173153606,
  "edge_loss": 0.17112752626694383,
  "dice": 0.7991635955515362,
  "iou": 0.7013448820937247,
  "precision": 0.8189780513445536,
  "recall": 0.8310423670780092
}