{
  "best_epoch": 26,
  "best_val_dice_during_training": 0.7991635955515362,
  "best_train_metrics": {
    "loss": 0.13671589556975697,
    "seg_loss": 0.11315057932014345,
    "edge_loss": 0.07855105222634713,
    "dice": 0.918075766567176,
    "iou": 0.8547829433758553,
    "precision": 0.9079389582485055,
    "recall": 0.9356619209897254
  },
  "best_val_metrics": {
    "loss": 0.32262097237010795,
    "seg_loss": 0.27128271173153606,
    "edge_loss": 0.17112752626694383,
    "dice": 0.7991635955515362,
    "iou": 0.7013448820937247,
    "precision": 0.8189780513445536,
    "recall": 0.8310423670780092
  },
  "test_metrics": {
    "loss": 0.2465509074429671,
    "seg_loss": 0.20421769867340725,
    "edge_loss": 0.141110685095191,
    "dice": 0.8497037221988042,
    "iou": 0.7595553706089656,
    "precision": 0.860076837738355,
    "recall": 0.8701777031024297
  }
}