{
  "loss": 0.25986844381051405,
  "dice": 0.8007467374915168,
  "iou": 0.7020002631914048,
  "precision": 0.8319345868769146,
  "recall": 0.8113022283429191
}