{
  "loss": 0.11635295307551649,
  "dice": 0.9080111714379645,
  "iou": 0.8401734581693113,
  "precision": 0.9126350189609106,
  "recall": 0.9126751090073811
}