{
  "best_epoch": 38,
  "best_val_dice_during_training": 0.8007467374915168,
  "best_train_metrics": {
    "loss": 0.11635295307551649,
    "dice": 0.9080111714379645,
    "iou": 0.8401734581693113,
    "precision": 0.9126350189609106,
    "recall": 0.9126751090073811
  },
  "best_val_metrics": {
    "loss": 0.25986844381051405,
    "dice": 0.8007467374915168,
    "iou": 0.7020002631914048,
    "precision": 0.8319345868769146,
    "recall": 0.8113022283429191
  },
  "test_metrics": {
    "loss": 0.20460244367520014,
    "dice": 0.8433294514815013,
    "iou": 0.7521485338608423,
    "precision": 0.8639979958534241,
    "recall": 0.851799068848292
  }
}