{
  "loss": 0.11792980995887085,
  "dice": 0.9067761309515414,
  "iou": 0.8387689409007786,
  "precision": 0.9124844892167895,
  "recall": 0.9108431226447554
}