{
  "loss": 0.2635320562514521,
  "dice": 0.7971836317862783,
  "iou": 0.698040053603195,
  "precision": 0.8416607543116524,
  "recall": 0.807442843914032
}