{
  "best_epoch": 37,
  "best_val_dice_during_training": 0.7971836317862783,
  "best_train_metrics": {
    "loss": 0.11792980995887085,
    "dice": 0.9067761309515414,
    "iou": 0.8387689409007786,
    "precision": 0.9124844892167895,
    "recall": 0.9108431226447554
  },
  "best_val_metrics": {
    "loss": 0.2635320562514521,
    "dice": 0.7971836317862783,
    "iou": 0.698040053603195,
    "precision": 0.8416607543116524,
    "recall": 0.807442843914032
  },
  "test_metrics": {
    "loss": 0.20834111012518405,
    "dice": 0.8389594157536825,
    "iou": 0.7449475288391113,
    "precision": 0.8776055634021759,
    "recall": 0.8394651462634405
  }
}