{
  "loss": 0.31445777717800366,
  "dice": 0.8504262628755265,
  "iou": 0.7397753057605525,
  "precision": 0.8478463345695942,
  "recall": 0.8530219401335762,
  "tp": 3463699.0,
  "fp": 621592.0,
  "fn": 596805.0,
  "tn": 126389904.0
}