{
  "loss": 0.19452933548752818,
  "dice": 0.9151243892967514,
  "iou": 0.8435293228719035,
  "precision": 0.9096413885917627,
  "recall": 0.9206738900688411,
  "tp": 27865011.0,
  "fp": 2767952.0,
  "fn": 2400875.0,
  "tn": 963113362.0
}