{
  "run_name": "b2_brr_rbsg_auglite_e260_constlr_bs6",
  "num_cases": 358,
  "threshold": 0.5,
  "mean_dice": 0.8629651362166397,
  "mean_iou": 0.7759866817255471,
  "mean_precision": 0.8730127667767913,
  "mean_recall": 0.8755363474625842,
  "median_dice": 0.9030941031083616,
  "median_iou": 0.8233109254520705,
  "median_precision": 0.9117947760238261,
  "median_recall": 0.9282077765944641,
  "module_name": "train_resnet34_unet_brr_b2_rbsg_e200",
  "class_name": "ResNet34UNetBRRB2RBSG",
  "checkpoint": "/share/home/u2515283028/caries_project/runs/b2_brr_rbsg_auglite_e260_constlr_bs6/checkpoints/best.pth",
  "per_case_csv": "/share/home/u2515283028/caries_project/runs/b2_brr_rbsg_auglite_e260_constlr_bs6/per_case_metrics.csv"
}