{
  "best_epoch": 229,
  "best_val_dice_during_training": 0.8504262628755265,
  "best_train_metrics": {
    "loss": 0.19452933548752818,
    "dice": 0.9151243892967514,
    "iou": 0.8435293228719035,
    "precision": 0.9096413885917627,
    "recall": 0.9206738900688411,
    "tp": 27865011.0,
    "fp": 2767952.0,
    "fn": 2400875.0,
    "tn": 963113362.0
  },
  "best_val_metrics": {
    "loss": 0.31445777717800366,
    "dice": 0.8504262628755265,
    "iou": 0.7397753057605525,
    "precision": 0.8478463345695942,
    "recall": 0.8530219401335762,
    "tp": 3463699.0,
    "fp": 621592.0,
    "fn": 596805.0,
    "tn": 126389904.0
  },
  "test_metrics": {
    "loss": 0.26657570513586204,
    "dice": 0.8807271794281821,
    "iou": 0.786874444943877,
    "precision": 0.8867598821070252,
    "recall": 0.8747760040878243,
    "tp": 2701506.0,
    "fp": 344985.0,
    "fn": 386720.0,
    "tn": 90414341.0
  }
}