{
  "loss": 0.20148748097124536,
  "dice": 0.9109791410214919,
  "iou": 0.8365121140801518,
  "precision": 0.906600362649246,
  "recall": 0.9154004226997299,
  "tp": 27861801.0,
  "fp": 2870374.0,
  "fn": 2574935.0,
  "tn": 962840090.0
}