{
  "loss": 0.3164972717031127,
  "dice": 0.8491195440448124,
  "iou": 0.737799951029759,
  "precision": 0.8427088578611388,
  "recall": 0.8556285131107233,
  "tp": 3474283.0,
  "fp": 648473.0,
  "fn": 586221.0,
  "tn": 126363023.0
}