{
  "best_epoch": 193,
  "best_val_dice_during_training": 0.8491195440448124,
  "learned_lkdr_scale": 0.5,
  "best_train_metrics": {
    "loss": 0.20148748097124536,
    "dice": 0.9109791410214919,
    "iou": 0.8365121140801518,
    "precision": 0.906600362649246,
    "recall": 0.9154004226997299,
    "tp": 27861801.0,
    "fp": 2870374.0,
    "fn": 2574935.0,
    "tn": 962840090.0
  },
  "best_val_metrics": {
    "loss": 0.3164972717031127,
    "dice": 0.8491195440448124,
    "iou": 0.737799951029759,
    "precision": 0.8427088578611388,
    "recall": 0.8556285131107233,
    "tp": 3474283.0,
    "fp": 648473.0,
    "fn": 586221.0,
    "tn": 126363023.0
  },
  "test_metrics": {
    "loss": 0.25833987109363077,
    "dice": 0.8823213482496126,
    "iou": 0.7894231019513975,
    "precision": 0.8807965441053236,
    "recall": 0.8838514409243741,
    "tp": 2729533.0,
    "fp": 369404.0,
    "fn": 358693.0,
    "tn": 90389922.0
  }
}