{
  "loss": 0.0952714049618703,
  "seg_loss": 0.07925012751191572,
  "edge_loss": 0.0534042556526298,
  "dice": 0.946985700905135,
  "iou": 0.9030335724165763,
  "precision": 0.9519043956833307,
  "recall": 0.9459929830080327
}