{
  "loss": 0.3649881083429569,
  "seg_loss": 0.2834836971014738,
  "edge_loss": 0.2716813546915849,
  "dice": 0.795165672543503,
  "iou": 0.6968715510198048,
  "precision": 0.8444511727208183,
  "recall": 0.8008485127772603
}