{
  "best_epoch": 49,
  "best_val_dice_during_training": 0.795165672543503,
  "best_train_metrics": {
    "loss": 0.0952714049618703,
    "seg_loss": 0.07925012751191572,
    "edge_loss": 0.0534042556526298,
    "dice": 0.946985700905135,
    "iou": 0.9030335724165763,
    "precision": 0.9519043956833307,
    "recall": 0.9459929830080327
  },
  "best_val_metrics": {
    "loss": 0.3649881083429569,
    "seg_loss": 0.2834836971014738,
    "edge_loss": 0.2716813546915849,
    "dice": 0.795165672543503,
    "iou": 0.6968715510198048,
    "precision": 0.8444511727208183,
    "recall": 0.8008485127772603
  },
  "test_metrics": {
    "loss": 0.27835568028191726,
    "seg_loss": 0.2171900519480308,
    "edge_loss": 0.20388542696212728,
    "dice": 0.8416563143332799,
    "iou": 0.7528711900115013,
    "precision": 0.8762299398581187,
    "recall": 0.8400495886802674
  }
}