{
  "loss": 0.3457815707439468,
  "dice": 0.8472487150833182,
  "iou": 0.7349796319199837,
  "precision": 0.8546902609182836,
  "recall": 0.8399356336061139,
  "tp": 3410562.0,
  "fp": 579845.0,
  "fn": 649942.0,
  "tn": 126431651.0,
  "loss_boundary_pre": 0.3005838394165039,
  "loss_rim_pre": 0.021832820028066635,
  "wpb": 0.05,
  "wpr": 0.025
}