{
  "loss": 0.2605971841946573,
  "dice": 0.8911362233227015,
  "iou": 0.803648060353263,
  "precision": 0.902505938261841,
  "recall": 0.8800494143070234,
  "tp": 26854751.0,
  "fp": 2901010.0,
  "fn": 3660298.0,
  "tn": 962731141.0,
  "loss_boundary_pre": 0.3240725100040436,
  "loss_rim_pre": 0.022343754768371582,
  "wpb": 0.05,
  "wpr": 0.025
}