{
  "best_epoch": 123,
  "best_val_dice_during_training": 0.8472487150833182,
  "best_train_metrics": {
    "loss": 0.2605971841946573,
    "dice": 0.8911362233227015,
    "iou": 0.803648060353263,
    "precision": 0.902505938261841,
    "recall": 0.8800494143070234,
    "tp": 26854751.0,
    "fp": 2901010.0,
    "fn": 3660298.0,
    "tn": 962731141.0,
    "loss_boundary_pre": 0.3240725100040436,
    "loss_rim_pre": 0.022343754768371582,
    "wpb": 0.05,
    "wpr": 0.025
  },
  "best_val_metrics": {
    "loss": 0.3457815707439468,
    "dice": 0.8472487150833182,
    "iou": 0.7349796319199837,
    "precision": 0.8546902609182836,
    "recall": 0.8399356336061139,
    "tp": 3410562.0,
    "fp": 579845.0,
    "fn": 649942.0,
    "tn": 126431651.0,
    "loss_boundary_pre": 0.3005838394165039,
    "loss_rim_pre": 0.021832820028066635,
    "wpb": 0.05,
    "wpr": 0.025
  },
  "test_metrics": {
    "loss": 0.29131833563248316,
    "dice": 0.87531050333003,
    "iou": 0.7782685851710397,
    "precision": 0.8848398483730455,
    "recall": 0.8659842252478069,
    "tp": 2674355.0,
    "fp": 348062.0,
    "fn": 413871.0,
    "tn": 90411264.0,
    "loss_boundary_pre": 0.3691570460796356,
    "loss_rim_pre": 0.02152557671070099,
    "wpb": 0.05,
    "wpr": 0.025
  }
}