{
  "loss": 0.12962530910592726,
  "dice": 0.8974500092610199,
  "iou": 0.8252793234605519,
  "precision": 0.8988011912780606,
  "recall": 0.9082187264687631
}