{
  "loss": 0.2639099674831544,
  "dice": 0.7961908529202143,
  "iou": 0.6955973949460756,
  "precision": 0.830597630568913,
  "recall": 0.8139696312802178
}