{
  "best_epoch": 34,
  "best_val_dice_during_training": 0.7961908529202143,
  "best_train_metrics": {
    "loss": 0.12962530910592726,
    "dice": 0.8974500092610199,
    "iou": 0.8252793234605519,
    "precision": 0.8988011912780606,
    "recall": 0.9082187264687631
  },
  "best_val_metrics": {
    "loss": 0.2639099674831544,
    "dice": 0.7961908529202143,
    "iou": 0.6955973949460756,
    "precision": 0.830597630568913,
    "recall": 0.8139696312802178
  },
  "test_metrics": {
    "loss": 0.20576815797636908,
    "dice": 0.8407682965199152,
    "iou": 0.747506508231163,
    "precision": 0.858260977268219,
    "recall": 0.855350657304128
  }
}