{
  "loss": 0.11700572335522634,
  "dice": 0.907336745916481,
  "iou": 0.8393951456065434,
  "precision": 0.9104085572134433,
  "recall": 0.9143996988467238
}