{
  "loss": 0.2585205239731641,
  "dice": 0.7993760030894053,
  "iou": 0.6975965808544841,
  "precision": 0.8338003903627396,
  "recall": 0.8106298680816378
}