{
  "run_name": "resunet_cbsa_daff_e2_e50_bs6",
  "num_cases": 358,
  "threshold": 0.5,
  "mean_dice": 0.8398561694611246,
  "mean_iou": 0.7454928899427992,
  "mean_precision": 0.8632282528483788,
  "mean_recall": 0.8455555406993162,
  "median_dice": 0.8861085367519922,
  "median_iou": 0.7955072069791174,
  "median_precision": 0.9114858403756196,
  "median_recall": 0.9166324663397969,
  "module_name": "train_resunet_cbsa_daff_e2",
  "class_name": "ResNet34UNetCBSADAFF",
  "checkpoint": "/share/home/u2515283028/caries_project/runs/resunet_cbsa_daff_e2_e50_bs6/checkpoints/best.pth",
  "per_case_csv": "/share/home/u2515283028/caries_project/runs/resunet_cbsa_daff_e2_e50_bs6/per_case_metrics.csv"
}