{
  "best_epoch": 33,
  "best_val_dice_during_training": 0.7993760030894053,
  "best_train_metrics": {
    "loss": 0.11700572335522634,
    "dice": 0.907336745916481,
    "iou": 0.8393951456065434,
    "precision": 0.9104085572134433,
    "recall": 0.9143996988467238
  },
  "best_val_metrics": {
    "loss": 0.2585205239731641,
    "dice": 0.7993760030894053,
    "iou": 0.6975965808544841,
    "precision": 0.8338003903627396,
    "recall": 0.8106298680816378
  },
  "test_metrics": {
    "loss": 0.20702583355208237,
    "dice": 0.8400020112593969,
    "iou": 0.7457431644201279,
    "precision": 0.8635451912879943,
    "recall": 0.8455467065175374
  }
}