{
  "loss": 0.2265186190959953,
  "dice": 0.8459216634039837,
  "iou": 0.7329846134180837,
  "precision": 0.8390053212132349,
  "recall": 0.8529529831765089,
  "tp": 3463419.0,
  "fp": 664587.0,
  "fn": 597085.0,
  "tn": 126346909.0
}