{
  "loss": 0.16019214764942505,
  "dice": 0.887811949897717,
  "iou": 0.7982570481817998,
  "precision": 0.8803038799017271,
  "recall": 0.8954491935547774,
  "tp": 27361967.0,
  "fp": 3720444.0,
  "fn": 3194727.0,
  "tn": 961870062.0
}