{
  "best_epoch": 130,
  "best_val_dice_during_training": 0.8459216634039837,
  "best_train_metrics": {
    "loss": 0.16019214764942505,
    "dice": 0.887811949897717,
    "iou": 0.7982570481817998,
    "precision": 0.8803038799017271,
    "recall": 0.8954491935547774,
    "tp": 27361967.0,
    "fp": 3720444.0,
    "fn": 3194727.0,
    "tn": 961870062.0
  },
  "best_val_metrics": {
    "loss": 0.2265186190959953,
    "dice": 0.8459216634039837,
    "iou": 0.7329846134180837,
    "precision": 0.8390053212132349,
    "recall": 0.8529529831765089,
    "tp": 3463419.0,
    "fp": 664587.0,
    "fn": 597085.0,
    "tn": 126346909.0
  },
  "test_metrics": {
    "loss": 0.1716284407923619,
    "dice": 0.8777519904431971,
    "iou": 0.7821372664228408,
    "precision": 0.8698556477852162,
    "recall": 0.8857930086723297,
    "tp": 2735529.0,
    "fp": 409279.0,
    "fn": 352697.0,
    "tn": 90350047.0
  }
}