{
  "loss": 0.3178392224723384,
  "dice": 0.8494845340579118,
  "iou": 0.7383512514213374,
  "precision": 0.846753132352241,
  "recall": 0.852233614349388,
  "tp": 3460498.0,
  "fp": 626287.0,
  "fn": 600006.0,
  "tn": 126385209.0,
  "ram_apply_ratio": 0.0
}