{
  "loss": 0.21319261688022206,
  "dice": 0.9053139640605625,
  "iou": 0.8270078674052357,
  "precision": 0.9057723649297709,
  "recall": 0.9048560269393667,
  "tp": 27611726.0,
  "fp": 2872452.0,
  "fn": 2903323.0,
  "tn": 962759699.0,
  "ram_apply_ratio": 0.0
}