{
  "run_name": "b23_ram_lite_auglite_e200_constlr_bs6",
  "num_cases": 358,
  "threshold": 0.5,
  "mean_dice": 0.866464926451243,
  "mean_iou": 0.7791633777577243,
  "mean_precision": 0.8714784778544482,
  "mean_recall": 0.8822070796972198,
  "median_dice": 0.9021257390246873,
  "median_iou": 0.8217025529464357,
  "median_precision": 0.915671991557911,
  "median_recall": 0.9265752222214654,
  "module_name": "train_resnet34_unet_brr_b23_ram_lite_e200",
  "class_name": "ResNet34UNetBRRB23RAMLite",
  "checkpoint": "/share/home/u2515283028/caries_project/runs/b23_ram_lite_auglite_e200_constlr_bs6/checkpoints/best.pth",
  "per_case_csv": "/share/home/u2515283028/caries_project/runs/b23_ram_lite_auglite_e200_constlr_bs6/per_case_metrics.csv"
}