{
  "best_epoch": 168,
  "best_val_dice_during_training": 0.8494845340579118,
  "best_train_metrics": {
    "loss": 0.21319261688022206,
    "dice": 0.9053139640605625,
    "iou": 0.8270078674052357,
    "precision": 0.9057723649297709,
    "recall": 0.9048560269393667,
    "tp": 27611726.0,
    "fp": 2872452.0,
    "fn": 2903323.0,
    "tn": 962759699.0,
    "ram_apply_ratio": 0.0
  },
  "best_val_metrics": {
    "loss": 0.3178392224723384,
    "dice": 0.8494845340579118,
    "iou": 0.7383512514213374,
    "precision": 0.846753132352241,
    "recall": 0.852233614349388,
    "tp": 3460498.0,
    "fp": 626287.0,
    "fn": 600006.0,
    "tn": 126385209.0,
    "ram_apply_ratio": 0.0
  },
  "test_metrics": {
    "loss": 0.260032652442654,
    "dice": 0.8813005143098658,
    "iou": 0.7877902203255409,
    "precision": 0.8817754605415598,
    "recall": 0.8808260794385253,
    "tp": 2720190.0,
    "fp": 364711.0,
    "fn": 368036.0,
    "tn": 90394615.0,
    "ram_apply_ratio": 0.0
  }
}