{
  "loss": 0.3704396459673132,
  "seg_loss": 0.28718297822134836,
  "edge_loss": 0.27752221402313026,
  "dice": 0.7997079229071027,
  "iou": 0.7002665911402021,
  "precision": 0.8290246207089651,
  "recall": 0.8194768095300311
}