{
  "loss": 0.08557033158063136,
  "seg_loss": 0.07045235076466758,
  "edge_loss": 0.05039326753761114,
  "dice": 0.9503852695884765,
  "iou": 0.9090689404717756,
  "precision": 0.9424149493689793,
  "recall": 0.9622945097342651
}