{
  "run_name": "resnet34_unet3p_edge_scse_e50_bs6",
  "num_cases": 358,
  "threshold": 0.5,
  "mean_dice": 0.84810405777021,
  "mean_iou": 0.758853128731805,
  "mean_precision": 0.8721716518583412,
  "mean_recall": 0.8581343208446275,
  "median_dice": 0.8938397442498218,
  "median_iou": 0.8080564705300817,
  "median_precision": 0.9265278913336676,
  "median_recall": 0.9221337341653562,
  "module_name": "train_resnet34_unet3p_edge_ag_scse",
  "class_name": "ResNet34UNet3PlusEdgeAGSCSE",
  "checkpoint": "/share/home/u2515283028/caries_project/runs/resnet34_unet3p_edge_scse_e50_bs6/checkpoints/best.pth",
  "per_case_csv": "/share/home/u2515283028/caries_project/runs/resnet34_unet3p_edge_scse_e50_bs6/per_case_metrics.csv"
}