{
  "best_epoch": 50,
  "best_val_dice_during_training": 0.7997079229071027,
  "best_train_metrics": {
    "loss": 0.08557033158063136,
    "seg_loss": 0.07045235076466758,
    "edge_loss": 0.05039326753761114,
    "dice": 0.9503852695884765,
    "iou": 0.9090689404717756,
    "precision": 0.9424149493689793,
    "recall": 0.9622945097342651
  },
  "best_val_metrics": {
    "loss": 0.3704396459673132,
    "seg_loss": 0.28718297822134836,
    "edge_loss": 0.27752221402313026,
    "dice": 0.7997079229071027,
    "iou": 0.7002665911402021,
    "precision": 0.8290246207089651,
    "recall": 0.8194768095300311
  },
  "test_metrics": {
    "loss": 0.28257567348579565,
    "seg_loss": 0.21701418459415436,
    "edge_loss": 0.21853828259433308,
    "dice": 0.8484046836694081,
    "iou": 0.7593204279740652,
    "precision": 0.8726592898368836,
    "recall": 0.8582262436548869
  }
}