{
  "loss": 0.25801213848448934,
  "dice": 0.8006455735081718,
  "iou": 0.7017196800027575,
  "precision": 0.833544413958277,
  "recall": 0.8156429114086288
}