{
  "loss": 0.14079887057986545,
  "dice": 0.8891315924632437,
  "iou": 0.8114623678407459,
  "precision": 0.8925573217567961,
  "recall": 0.8984493111210291
}