{
  "best_epoch": 27,
  "best_val_dice_during_training": 0.8006455735081718,
  "best_train_metrics": {
    "loss": 0.14079887057986545,
    "dice": 0.8891315924632437,
    "iou": 0.8114623678407459,
    "precision": 0.8925573217567961,
    "recall": 0.8984493111210291
  },
  "best_val_metrics": {
    "loss": 0.25801213848448934,
    "dice": 0.8006455735081718,
    "iou": 0.7017196800027575,
    "precision": 0.833544413958277,
    "recall": 0.8156429114086288
  },
  "test_metrics": {
    "loss": 0.21467217889924844,
    "dice": 0.8338337024052938,
    "iou": 0.7390384296576182,
    "precision": 0.8525284419457118,
    "recall": 0.8478452265262604
  }
}