{
  "loss": 0.31966626049862024,
  "dice": 0.8470874804311772,
  "iou": 0.7347369952648374,
  "precision": 0.8485247006750446,
  "recall": 0.8456551206451599,
  "tp": 3433786.0,
  "fp": 612986.0,
  "fn": 626718.0,
  "tn": 126398510.0
}