{
  "loss": 0.21385788382838952,
  "dice": 0.9052718741228807,
  "iou": 0.8269376228893002,
  "precision": 0.9118041044934304,
  "recall": 0.898832572741407,
  "tp": 27427920.0,
  "fp": 2653015.0,
  "fn": 3087129.0,
  "tn": 962979136.0
}