{
  "best_epoch": 183,
  "best_val_dice_during_training": 0.8470874804311772,
  "best_train_metrics": {
    "loss": 0.21385788382838952,
    "dice": 0.9052718741228807,
    "iou": 0.8269376228893002,
    "precision": 0.9118041044934304,
    "recall": 0.898832572741407,
    "tp": 27427920.0,
    "fp": 2653015.0,
    "fn": 3087129.0,
    "tn": 962979136.0
  },
  "best_val_metrics": {
    "loss": 0.31966626049862024,
    "dice": 0.8470874804311772,
    "iou": 0.7347369952648374,
    "precision": 0.8485247006750446,
    "recall": 0.8456551206451599,
    "tp": 3433786.0,
    "fp": 612986.0,
    "fn": 626718.0,
    "tn": 126398510.0
  },
  "test_metrics": {
    "loss": 0.26395988936225573,
    "dice": 0.8795050187033783,
    "iou": 0.7849254422234555,
    "precision": 0.8849418998981203,
    "recall": 0.8741345354906428,
    "tp": 2699525.0,
    "fp": 350986.0,
    "fn": 388701.0,
    "tn": 90408340.0
  }
}