{
  "loss": 0.09525862406081394,
  "dice": 0.9247307598778878,
  "iou": 0.8663509650749363,
  "precision": 0.9303777299656852,
  "recall": 0.9255829129121281
}