{
  "loss": 0.2767244960580553,
  "dice": 0.792393561630022,
  "iou": 0.6915368558395476,
  "precision": 0.8343261898983092,
  "recall": 0.8000003922553289
}