{
  "best_epoch": 44,
  "best_val_dice_during_training": 0.792393561630022,
  "best_train_metrics": {
    "loss": 0.09525862406081394,
    "dice": 0.9247307598778878,
    "iou": 0.8663509650749363,
    "precision": 0.9303777299656852,
    "recall": 0.9255829129121281
  },
  "best_val_metrics": {
    "loss": 0.2767244960580553,
    "dice": 0.792393561630022,
    "iou": 0.6915368558395476,
    "precision": 0.8343261898983092,
    "recall": 0.8000003922553289
  },
  "test_metrics": {
    "loss": 0.21184751509378355,
    "dice": 0.8388024518887202,
    "iou": 0.7479830672343571,
    "precision": 0.8750304887692134,
    "recall": 0.8376623620589574
  }
}