{
  "loss": 0.22370500219542355,
  "dice": 0.8284063843034563,
  "iou": 0.7349449098110199,
  "precision": 0.8417116793848219,
  "recall": 0.852033746384439
}