{
  "loss": 0.14304148691356747,
  "dice": 0.8868839142826453,
  "iou": 0.8098118066411665,
  "precision": 0.8901799586293073,
  "recall": 0.9000424926965395
}