{
  "best_epoch": 193,
  "best_val_dice_during_training": 0.8284063843034563,
  "best_train_metrics": {
    "loss": 0.14304148691356747,
    "dice": 0.8868839142826453,
    "iou": 0.8098118066411665,
    "precision": 0.8901799586293073,
    "recall": 0.9000424926965395
  },
  "best_val_metrics": {
    "loss": 0.22370500219542355,
    "dice": 0.8284063843034563,
    "iou": 0.7349449098110199,
    "precision": 0.8417116793848219,
    "recall": 0.852033746384439
  },
  "test_metrics": {
    "loss": 0.1801271000256141,
    "dice": 0.8600245316823324,
    "iou": 0.7715270688136419,
    "precision": 0.8691432774066925,
    "recall": 0.8765996267398198
  }
}