{
  "loss": 0.019097285870291098,
  "dice": 0.8702368143043314,
  "iou": 0.7702825028490143,
  "mean_iou": 0.8811946141640012,
  "precision": 0.8804345721018487,
  "recall": 0.8602725855638842,
  "specificity": 0.996390120391717,
  "accuracy": 0.9923102539464047,
  "tp": 25685704.0,
  "fp": 3488189.0,
  "fn": 4171930.0,
  "tn": 962801377.0
}