{
  "loss": 0.026471644771285354,
  "dice": 0.8374796719923375,
  "iou": 0.7204000238238005,
  "mean_iou": 0.8551093673396106,
  "precision": 0.850202193884891,
  "recall": 0.8251322988476738,
  "specificity": 0.9953522396114444,
  "accuracy": 0.9900789642333985,
  "tp": 3350453.0,
  "fp": 590319.0,
  "fn": 710051.0,
  "tn": 126421177.0
}