{
  "num_cases": 358,
  "dice": {
    "mean": 0.8530357176941568,
    "std": 0.11760553059282744,
    "median": 0.8888825104927655
  },
  "iou": {
    "mean": 0.7585808157659225,
    "std": 0.14747017435488627,
    "median": 0.7999902389351687
  },
  "mean_iou": {
    "mean": 0.8750454958932773,
    "std": 0.07552465689732521,
    "median": 0.8951798804847015
  },
  "precision": {
    "mean": 0.8706390365983024,
    "std": 0.12229794143115255,
    "median": 0.9068942308357097
  },
  "recall": {
    "mean": 0.8559288516427194,
    "std": 0.14202816699828139,
    "median": 0.900824389546776
  },
  "specificity": {
    "mean": 0.9960816496977868,
    "std": 0.004665883387340123,
    "median": 0.9975748550236776
  },
  "accuracy": {
    "mean": 0.991835514260435,
    "std": 0.007238337710205315,
    "median": 0.9940929412842022
  }
}