{
  "best_epoch": 20,
  "best_global_step": 38000,
  "checkpoint_selection": {
    "metric": "mean_iou",
    "mode": "max",
    "best_value_during_training": 0.8551093673396106
  },
  "stopped_early": false,
  "completed_global_steps": 40000,
  "best_train_metrics": {
    "loss": 0.019097285870291098,
    "dice": 0.8702368143043314,
    "iou": 0.7702825028490143,
    "mean_iou": 0.8811946141640012,
    "precision": 0.8804345721018487,
    "recall": 0.8602725855638842,
    "specificity": 0.996390120391717,
    "accuracy": 0.9923102539464047,
    "tp": 25685704.0,
    "fp": 3488189.0,
    "fn": 4171930.0,
    "tn": 962801377.0
  },
  "best_val_metrics": {
    "loss": 0.026471644771285354,
    "dice": 0.8374796719923375,
    "iou": 0.7204000238238005,
    "mean_iou": 0.8551093673396106,
    "precision": 0.850202193884891,
    "recall": 0.8251322988476738,
    "specificity": 0.9953522396114444,
    "accuracy": 0.9900789642333985,
    "tp": 3350453.0,
    "fp": 590319.0,
    "fn": 710051.0,
    "tn": 126421177.0
  },
  "test_metrics": {
    "loss": 0.020608140990741593,
    "dice": 0.8746507451669749,
    "iou": 0.7772260401921078,
    "mean_iou": 0.884411086376375,
    "precision": 0.8838753471314492,
    "recall": 0.8656167003322083,
    "specificity": 0.9961303040086481,
    "accuracy": 0.9918355142604041,
    "tp": 2673220.0,
    "fp": 351211.0,
    "fn": 415006.0,
    "tn": 90408115.0
  }
}