{
  "loss": 0.13620152438429628,
  "seg_loss": 0.11310581973392504,
  "edge_loss": 0.07698567834468294,
  "dice": 0.919236213814949,
  "iou": 0.8569533689541019,
  "precision": 0.9194779390416311,
  "recall": 0.9263016288212798
}