{
  "loss": 0.32940613717905115,
  "seg_loss": 0.2750764679873273,
  "edge_loss": 0.18109888304024935,
  "dice": 0.7963280553619067,
  "iou": 0.6987391646419253,
  "precision": 0.8354902331318174,
  "recall": 0.8142097085004761
}