{
  "best_epoch": 28,
  "best_val_dice_during_training": 0.7963280553619067,
  "best_train_metrics": {
    "loss": 0.13620152438429628,
    "seg_loss": 0.11310581973392504,
    "edge_loss": 0.07698567834468294,
    "dice": 0.919236213814949,
    "iou": 0.8569533689541019,
    "precision": 0.9194779390416311,
    "recall": 0.9263016288212798
  },
  "best_val_metrics": {
    "loss": 0.32940613717905115,
    "seg_loss": 0.2750764679873273,
    "edge_loss": 0.18109888304024935,
    "dice": 0.7963280553619067,
    "iou": 0.6987391646419253,
    "precision": 0.8354902331318174,
    "recall": 0.8142097085004761
  },
  "test_metrics": {
    "loss": 0.25091204966108005,
    "seg_loss": 0.20835819505155087,
    "edge_loss": 0.14184617723027865,
    "dice": 0.8453928222258885,
    "iou": 0.7551826357841491,
    "precision": 0.8762693206469218,
    "recall": 0.8528704891602198
  }
}