{
  "loss": 0.26594205511113006,
  "dice": 0.7976086416414806,
  "iou": 0.6974342337676457,
  "precision": 0.8376553612095969,
  "recall": 0.8131049115742955
}