{
  "loss": 0.11432707837374428,
  "dice": 0.9093641520298618,
  "iou": 0.8430844676043333,
  "precision": 0.9115251995599608,
  "recall": 0.9170580918104491
}