{
  "best_epoch": 42,
  "best_val_dice_during_training": 0.7976086416414806,
  "best_train_metrics": {
    "loss": 0.11432707837374428,
    "dice": 0.9093641520298618,
    "iou": 0.8430844676043333,
    "precision": 0.9115251995599608,
    "recall": 0.9170580918104491
  },
  "best_val_metrics": {
    "loss": 0.26594205511113006,
    "dice": 0.7976086416414806,
    "iou": 0.6974342337676457,
    "precision": 0.8376553612095969,
    "recall": 0.8131049115742955
  },
  "test_metrics": {
    "loss": 0.21441533441344898,
    "dice": 0.8336949934562047,
    "iou": 0.7430317978064219,
    "precision": 0.8751920004685719,
    "recall": 0.8367014765739441
  }
}