{
  "loss": 0.22477079768265998,
  "dice": 0.8470564051282814,
  "iou": 0.7346902388772634,
  "precision": 0.8397695994857571,
  "recall": 0.8544707750565312,
  "tp": 3469582.0,
  "fp": 662006.0,
  "fn": 590922.0,
  "tn": 126349490.0
}