{
  "loss": 0.14378479587307863,
  "dice": 0.8992645332512638,
  "iou": 0.8169669829095649,
  "precision": 0.8897204072267947,
  "recall": 0.9090156413167577,
  "tp": 27468791.0,
  "fp": 3404718.0,
  "fn": 2749381.0,
  "tn": 962524310.0
}