{
  "run_name": "b28_rbsg_only_auglite_e200_constlr_bs6",
  "num_cases": 358,
  "threshold": 0.5,
  "mean_dice": 0.8571907272677056,
  "mean_iou": 0.7687996207255586,
  "mean_precision": 0.8633334086776805,
  "mean_recall": 0.8807730844832229,
  "median_dice": 0.9039580552768864,
  "median_iou": 0.824748213130164,
  "median_precision": 0.9070378223344645,
  "median_recall": 0.9299329023178138,
  "module_name": "train_resnet34_unet_brr_b28_rbsg_only_e200",
  "class_name": "ResNet34UNetBRRB28RBSGOnly",
  "checkpoint": "/share/home/u2515283028/caries_project/runs/b28_rbsg_only_auglite_e200_constlr_bs6/checkpoints/best.pth",
  "per_case_csv": "/share/home/u2515283028/caries_project/runs/b28_rbsg_only_auglite_e200_constlr_bs6/per_case_metrics.csv"
}