{
  "best_epoch": 185,
  "best_val_dice_during_training": 0.8470564051282814,
  "best_train_metrics": {
    "loss": 0.14378479587307863,
    "dice": 0.8992645332512638,
    "iou": 0.8169669829095649,
    "precision": 0.8897204072267947,
    "recall": 0.9090156413167577,
    "tp": 27468791.0,
    "fp": 3404718.0,
    "fn": 2749381.0,
    "tn": 962524310.0
  },
  "best_val_metrics": {
    "loss": 0.22477079768265998,
    "dice": 0.8470564051282814,
    "iou": 0.7346902388772634,
    "precision": 0.8397695994857571,
    "recall": 0.8544707750565312,
    "tp": 3469582.0,
    "fp": 662006.0,
    "fn": 590922.0,
    "tn": 126349490.0
  },
  "test_metrics": {
    "loss": 0.18070525874694188,
    "dice": 0.8771808371801618,
    "iou": 0.7812307326295115,
    "precision": 0.8718787747727869,
    "recall": 0.8825477798581184,
    "tp": 2725507.0,
    "fp": 400509.0,
    "fn": 362719.0,
    "tn": 90358817.0
  }
}