{
  "loss": 0.34091777318999883,
  "dice": 0.84735523567328,
  "iou": 0.7351399684431547,
  "precision": 0.8457341576507333,
  "recall": 0.8489825400985077,
  "tp": 3447297.0,
  "fp": 628803.0,
  "fn": 613207.0,
  "tn": 126382693.0
}