{
  "loss": 0.23884527070289155,
  "dice": 0.9020738780360945,
  "iou": 0.8216161907346926,
  "precision": 0.9030193440216231,
  "recall": 0.9011303897955432,
  "tp": 27498038.0,
  "fp": 2953179.0,
  "fn": 3017011.0,
  "tn": 962678972.0
}