{
  "best_epoch": 160,
  "best_val_dice_during_training": 0.84735523567328,
  "best_train_metrics": {
    "loss": 0.23884527070289155,
    "dice": 0.9020738780360945,
    "iou": 0.8216161907346926,
    "precision": 0.9030193440216231,
    "recall": 0.9011303897955432,
    "tp": 27498038.0,
    "fp": 2953179.0,
    "fn": 3017011.0,
    "tn": 962678972.0
  },
  "best_val_metrics": {
    "loss": 0.34091777318999883,
    "dice": 0.84735523567328,
    "iou": 0.7351399684431547,
    "precision": 0.8457341576507333,
    "recall": 0.8489825400985077,
    "tp": 3447297.0,
    "fp": 628803.0,
    "fn": 613207.0,
    "tn": 126382693.0
  },
  "test_metrics": {
    "loss": 0.27943534702062606,
    "dice": 0.881914898283069,
    "iou": 0.78877260499119,
    "precision": 0.8848753321374426,
    "recall": 0.8789742071986056,
    "tp": 2714471.0,
    "fp": 353160.0,
    "fn": 373755.0,
    "tn": 90406166.0
  }
}