{
  "loss": 0.2265761091950394,
  "dice": 0.8256517336482093,
  "iou": 0.7289184218361264,
  "precision": 0.8430651248920531,
  "recall": 0.8454921252670742
}