{
  "loss": 0.15501608962798344,
  "dice": 0.8772393991518472,
  "iou": 0.7956331711650271,
  "precision": 0.8895577295721517,
  "recall": 0.8841432036849602
}