{
  "run_name": "resnet34_unet_lbsa_auglite_e200_constlr_bs6",
  "num_cases": 358,
  "threshold": 0.5,
  "mean_dice": 0.8625199200441998,
  "mean_iou": 0.7728484632732242,
  "mean_precision": 0.8791120129437081,
  "mean_recall": 0.8695818688069195,
  "median_dice": 0.8988752565189312,
  "median_iou": 0.8163248535218167,
  "median_precision": 0.9176995948363337,
  "median_recall": 0.918195222856838,
  "module_name": "train_resnet34_unet_lbsa_auglite_e200_constlr",
  "class_name": "ResNet34UNetLBSA",
  "checkpoint": "/share/home/u2515283028/caries_project/runs/resnet34_unet_lbsa_auglite_e200_constlr_bs6/checkpoints/best.pth",
  "per_case_csv": "/share/home/u2515283028/caries_project/runs/resnet34_unet_lbsa_auglite_e200_constlr_bs6/per_case_metrics.csv"
}