{
  "best_epoch": 168,
  "best_val_dice_during_training": 0.8256517336482093,
  "best_train_metrics": {
    "loss": 0.15501608962798344,
    "dice": 0.8772393991518472,
    "iou": 0.7956331711650271,
    "precision": 0.8895577295721517,
    "recall": 0.8841432036849602
  },
  "best_val_metrics": {
    "loss": 0.2265761091950394,
    "dice": 0.8256517336482093,
    "iou": 0.7289184218361264,
    "precision": 0.8430651248920531,
    "recall": 0.8454921252670742
  },
  "test_metrics": {
    "loss": 0.1767732821404934,
    "dice": 0.8627880195776622,
    "iou": 0.7732103407382965,
    "precision": 0.8791711022456487,
    "recall": 0.8699563821156819
  }
}