{
  "loss": 0.14930520268386283,
  "dice": 0.882228119328195,
  "iou": 0.8019678726181246,
  "precision": 0.8825217893447034,
  "recall": 0.8984371433122676
}