{
  "loss": 0.26213822629125344,
  "dice": 0.7964093252306893,
  "iou": 0.6962616110131854,
  "precision": 0.8280032142287209,
  "recall": 0.8119296076751891
}