{
  "best_epoch": 27,
  "best_val_dice_during_training": 0.7964093252306893,
  "best_train_metrics": {
    "loss": 0.14930520268386283,
    "dice": 0.882228119328195,
    "iou": 0.8019678726181246,
    "precision": 0.8825217893447034,
    "recall": 0.8984371433122676
  },
  "best_val_metrics": {
    "loss": 0.26213822629125344,
    "dice": 0.7964093252306893,
    "iou": 0.6962616110131854,
    "precision": 0.8280032142287209,
    "recall": 0.8119296076751891
  },
  "test_metrics": {
    "loss": 0.20392790449162324,
    "dice": 0.842428782582283,
    "iou": 0.7476764619350433,
    "precision": 0.862725368142128,
    "recall": 0.8520237942536671
  }
}