{
  "loss": 0.08037419244647026,
  "dice": 0.9365641456528714,
  "iou": 0.886101283462424,
  "precision": 0.9334679437311072,
  "recall": 0.9456446962607534
}