{
  "loss": 0.2841877430677414,
  "dice": 0.7885645067691803,
  "iou": 0.6901792258024215,
  "precision": 0.8290467519760132,
  "recall": 0.8035323280096054
}