{
  "run_name": "resunet_cbsa_mkdc_r1_640_e80_bs4",
  "num_cases": 358,
  "threshold": 0.5,
  "mean_dice": 0.8407327653753134,
  "mean_iou": 0.7507415784247401,
  "mean_precision": 0.8579883144421651,
  "mean_recall": 0.8571947800883016,
  "median_dice": 0.8922576481711022,
  "median_iou": 0.8054740004211647,
  "median_precision": 0.9202567193230731,
  "median_recall": 0.9189177364068009,
  "module_name": "train_resunet_cbsa_mkdc_p2",
  "class_name": "ResNet34UNetCBSAMKDC",
  "checkpoint": "/share/home/u2515283028/caries_project/runs/resunet_cbsa_mkdc_r1_640_e80_bs4/checkpoints/best.pth",
  "per_case_csv": "/share/home/u2515283028/caries_project/runs/resunet_cbsa_mkdc_r1_640_e80_bs4/per_case_metrics.csv"
}