{
  "best_epoch": 66,
  "best_val_dice_during_training": 0.7885645067691803,
  "best_train_metrics": {
    "loss": 0.08037419244647026,
    "dice": 0.9365641456528714,
    "iou": 0.886101283462424,
    "precision": 0.9334679437311072,
    "recall": 0.9456446962607534
  },
  "best_val_metrics": {
    "loss": 0.2841877430677414,
    "dice": 0.7885645067691803,
    "iou": 0.6901792258024215,
    "precision": 0.8290467519760132,
    "recall": 0.8035323280096054
  },
  "test_metrics": {
    "loss": 0.21023391087849935,
    "dice": 0.8414627313613892,
    "iou": 0.7518284943368699,
    "precision": 0.8585561599996355,
    "recall": 0.8579058017995622
  }
}