{
  "loss": 0.32284502108537017,
  "dice": 0.8454294322760765,
  "iou": 0.7322457854982019,
  "precision": 0.844785075280923,
  "recall": 0.8460747729838842,
  "tp": 3435490.0,
  "fp": 631213.0,
  "fn": 625014.0,
  "tn": 126380283.0
}