{
  "loss": 0.23821002380093942,
  "dice": 0.8928268288257418,
  "iou": 0.8064021528617973,
  "precision": 0.8949901810741936,
  "recall": 0.8906739097813708,
  "tp": 27178958.0,
  "fp": 3188926.0,
  "fn": 3336091.0,
  "tn": 962443225.0
}