{
  "run_name": "b21_ife_lite_auglite_e200_constlr_bs6",
  "num_cases": 358,
  "threshold": 0.5,
  "mean_dice": 0.8599702894534009,
  "mean_iou": 0.7705065585450962,
  "mean_precision": 0.8687310940234662,
  "mean_recall": 0.8763377990844128,
  "median_dice": 0.8968413982015531,
  "median_iou": 0.8129759826192463,
  "median_precision": 0.9125717991704667,
  "median_recall": 0.9198737197015687,
  "module_name": "train_resnet34_unet_brr_b21_ife_lite_e200",
  "class_name": "ResNet34UNetBRRB21IFELite",
  "checkpoint": "/share/home/u2515283028/caries_project/runs/b21_ife_lite_auglite_e200_constlr_bs6/checkpoints/best.pth",
  "per_case_csv": "/share/home/u2515283028/caries_project/runs/b21_ife_lite_auglite_e200_constlr_bs6/per_case_metrics.csv"
}