{
  "best_epoch": 112,
  "best_val_dice_during_training": 0.8454294322760765,
  "learned_ife_scale": 0.0,
  "best_train_metrics": {
    "loss": 0.23821002380093942,
    "dice": 0.8928268288257418,
    "iou": 0.8064021528617973,
    "precision": 0.8949901810741936,
    "recall": 0.8906739097813708,
    "tp": 27178958.0,
    "fp": 3188926.0,
    "fn": 3336091.0,
    "tn": 962443225.0
  },
  "best_val_metrics": {
    "loss": 0.32284502108537017,
    "dice": 0.8454294322760765,
    "iou": 0.7322457854982019,
    "precision": 0.844785075280923,
    "recall": 0.8460747729838842,
    "tp": 3435490.0,
    "fp": 631213.0,
    "fn": 625014.0,
    "tn": 126380283.0
  },
  "test_metrics": {
    "loss": 0.27251677463452023,
    "dice": 0.8734474785853853,
    "iou": 0.7753277916316159,
    "precision": 0.8773717843790904,
    "recall": 0.8695581217178181,
    "tp": 2685392.0,
    "fp": 375331.0,
    "fn": 402834.0,
    "tn": 90383995.0
  }
}