{
  "loss": 0.28535782767548445,
  "dice": 0.8011209226789928,
  "iou": 0.702058097081525,
  "precision": 0.8270418998740968,
  "recall": 0.8179940730333328
}