{
  "loss": 0.0813585617329796,
  "dice": 0.9433574830696034,
  "iou": 0.8971542415182673,
  "precision": 0.9436830081962261,
  "recall": 0.947124838452986
}