{
  "run_name": "resnet34_unet3p_cbsa_ocr_lite_e50_bs6",
  "num_cases": 358,
  "threshold": 0.5,
  "mean_dice": 0.8530281189590563,
  "mean_iou": 0.7642272583199891,
  "mean_precision": 0.8709704086404157,
  "mean_recall": 0.8636321225821071,
  "median_dice": 0.8983243927586024,
  "median_iou": 0.8154176301110893,
  "median_precision": 0.9277348868649482,
  "median_recall": 0.9173957215449475,
  "module_name": "train_resnet34_unet3p_cbsa_ocr_lite",
  "class_name": "ResNet34UNet3PlusCBSAOCRLite",
  "checkpoint": "/share/home/u2515283028/caries_project/runs/resnet34_unet3p_cbsa_ocr_lite_e50_bs6/checkpoints/best.pth",
  "per_case_csv": "/share/home/u2515283028/caries_project/runs/resnet34_unet3p_cbsa_ocr_lite_e50_bs6/per_case_metrics.csv"
}