{
  "best_epoch": 47,
  "best_val_dice_during_training": 0.8011209226789928,
  "best_train_metrics": {
    "loss": 0.0813585617329796,
    "dice": 0.9433574830696034,
    "iou": 0.8971542415182673,
    "precision": 0.9436830081962261,
    "recall": 0.947124838452986
  },
  "best_val_metrics": {
    "loss": 0.28535782767548445,
    "dice": 0.8011209226789928,
    "iou": 0.702058097081525,
    "precision": 0.8270418998740968,
    "recall": 0.8179940730333328
  },
  "test_metrics": {
    "loss": 0.20964274716873962,
    "dice": 0.853226884206136,
    "iou": 0.7645717248320579,
    "precision": 0.8712786982456843,
    "recall": 0.8636088361342747
  }
}