{
  "loss": 0.32774615571612403,
  "seg_loss": 0.2755814215966633,
  "edge_loss": 0.1738824372933734,
  "dice": 0.7974687275432405,
  "iou": 0.6962798862230211,
  "precision": 0.8415781933636892,
  "recall": 0.8038424494720641
}