{
  "loss": 0.16780758952304767,
  "seg_loss": 0.14074702349370963,
  "edge_loss": 0.09020188344754161,
  "dice": 0.8966896523624565,
  "iou": 0.8227217313054984,
  "precision": 0.9094716550235868,
  "recall": 0.896484722756437
}