{
  "best_epoch": 23,
  "best_val_dice_during_training": 0.7974687275432405,
  "best_train_metrics": {
    "loss": 0.16780758952304767,
    "seg_loss": 0.14074702349370963,
    "edge_loss": 0.09020188344754161,
    "dice": 0.8966896523624565,
    "iou": 0.8227217313054984,
    "precision": 0.9094716550235868,
    "recall": 0.896484722756437
  },
  "best_val_metrics": {
    "loss": 0.32774615571612403,
    "seg_loss": 0.2755814215966633,
    "edge_loss": 0.1738824372933734,
    "dice": 0.7974687275432405,
    "iou": 0.6962798862230211,
    "precision": 0.8415781933636892,
    "recall": 0.8038424494720641
  },
  "test_metrics": {
    "loss": 0.26160777484377223,
    "seg_loss": 0.2199994915475448,
    "edge_loss": 0.138694273494184,
    "dice": 0.8361135751008988,
    "iou": 0.7430605371793111,
    "precision": 0.8792718797922134,
    "recall": 0.8326821744441986
  }
}