{
  "loss": 0.3162626169976734,
  "dice": 0.847879842544525,
  "iou": 0.7359300477974017,
  "precision": 0.8532362887297614,
  "recall": 0.8425902301783614,
  "tp": 3421341.0,
  "fp": 588499.0,
  "fn": 639163.0,
  "tn": 126422997.0
}