{
  "loss": 0.20318463096859327,
  "dice": 0.9101856015159409,
  "iou": 0.8351748726957722,
  "precision": 0.9119795783285785,
  "recall": 0.9083986687959836,
  "tp": 27765853.0,
  "fp": 2679843.0,
  "fn": 2799860.0,
  "tn": 962901644.0
}