{
  "run_name": "b8b_b2_context_bottleneck_auglite_e200_constlr_bs6",
  "num_cases": 358,
  "threshold": 0.5,
  "mean_dice": 0.8690459068007798,
  "mean_iou": 0.7825840007263043,
  "mean_precision": 0.8760880986968461,
  "mean_recall": 0.8831754625778327,
  "median_dice": 0.9048377916921029,
  "median_iou": 0.8262135000953763,
  "median_precision": 0.9161653933017433,
  "median_recall": 0.9266661807820993,
  "module_name": "train_resnet34_unet_brr_b8b_context_e200",
  "class_name": "ResNet34UNetBRRB8BContext",
  "checkpoint": "/share/home/u2515283028/caries_project/runs/b8b_b2_context_bottleneck_auglite_e200_constlr_bs6/checkpoints/best.pth",
  "per_case_csv": "/share/home/u2515283028/caries_project/runs/b8b_b2_context_bottleneck_auglite_e200_constlr_bs6/per_case_metrics.csv"
}