{
  "best_epoch": 190,
  "best_val_dice_during_training": 0.847879842544525,
  "best_train_metrics": {
    "loss": 0.20318463096859327,
    "dice": 0.9101856015159409,
    "iou": 0.8351748726957722,
    "precision": 0.9119795783285785,
    "recall": 0.9083986687959836,
    "tp": 27765853.0,
    "fp": 2679843.0,
    "fn": 2799860.0,
    "tn": 962901644.0
  },
  "best_val_metrics": {
    "loss": 0.3162626169976734,
    "dice": 0.847879842544525,
    "iou": 0.7359300477974017,
    "precision": 0.8532362887297614,
    "recall": 0.8425902301783614,
    "tp": 3421341.0,
    "fp": 588499.0,
    "fn": 639163.0,
    "tn": 126422997.0
  },
  "test_metrics": {
    "loss": 0.25519695356488226,
    "dice": 0.8850816015929296,
    "iou": 0.793853256756293,
    "precision": 0.8881376412352837,
    "recall": 0.8820465212067116,
    "tp": 2723959.0,
    "fp": 343087.0,
    "fn": 364267.0,
    "tn": 90416239.0
  }
}