{
  "loss": 0.22264363971494494,
  "dice": 0.8289868356216521,
  "iou": 0.7352676806705338,
  "precision": 0.8376375266483852,
  "recall": 0.8560331144503185
}