{
  "loss": 0.13945315949830348,
  "dice": 0.8904250441853556,
  "iou": 0.8137967311057382,
  "precision": 0.8894937146537312,
  "recall": 0.9056404216056366
}