{
  "run_name": "resunet_cbsa_auglite_e200_constlr_bs6",
  "num_cases": 358,
  "threshold": 0.5,
  "mean_dice": 0.8624704725527844,
  "mean_iou": 0.7747249867713779,
  "mean_precision": 0.8660305717752235,
  "mean_recall": 0.8859986477144557,
  "median_dice": 0.9014611358438657,
  "median_iou": 0.8206001677768235,
  "median_precision": 0.907170886843691,
  "median_recall": 0.931688203226029,
  "module_name": "train_resunet_cbsa_auglite_e200_constlr",
  "class_name": "ResNet34UNetCBSA",
  "checkpoint": "/share/home/u2515283028/caries_project/runs/resunet_cbsa_auglite_e200_constlr_bs6/checkpoints/best.pth",
  "per_case_csv": "/share/home/u2515283028/caries_project/runs/resunet_cbsa_auglite_e200_constlr_bs6/per_case_metrics.csv"
}