{
  "best_epoch": 200,
  "best_val_dice_during_training": 0.8289868356216521,
  "best_train_metrics": {
    "loss": 0.13945315949830348,
    "dice": 0.8904250441853556,
    "iou": 0.8137967311057382,
    "precision": 0.8894937146537312,
    "recall": 0.9056404216056366
  },
  "best_val_metrics": {
    "loss": 0.22264363971494494,
    "dice": 0.8289868356216521,
    "iou": 0.7352676806705338,
    "precision": 0.8376375266483852,
    "recall": 0.8560331144503185
  },
  "test_metrics": {
    "loss": 0.1777969017624855,
    "dice": 0.8629328181346257,
    "iou": 0.7754054129123688,
    "precision": 0.8664375911156337,
    "recall": 0.8863665541013082
  }
}