{
  "loss": 0.11326276188957202,
  "seg_loss": 0.09357402854443349,
  "edge_loss": 0.0656291088001209,
  "dice": 0.9336008764215824,
  "iou": 0.8802414675616316,
  "precision": 0.9255880746367602,
  "recall": 0.946854887794621
}