{
  "loss": 0.34366169354567927,
  "seg_loss": 0.275175316392311,
  "edge_loss": 0.22828791538874307,
  "dice": 0.800406983210927,
  "iou": 0.7015734446190652,
  "precision": 0.8354798683098384,
  "recall": 0.8172678656521297
}