{
  "best_epoch": 40,
  "best_val_dice_during_training": 0.800406983210927,
  "best_train_metrics": {
    "loss": 0.11326276188957202,
    "seg_loss": 0.09357402854443349,
    "edge_loss": 0.0656291088001209,
    "dice": 0.9336008764215824,
    "iou": 0.8802414675616316,
    "precision": 0.9255880746367602,
    "recall": 0.946854887794621
  },
  "best_val_metrics": {
    "loss": 0.34366169354567927,
    "seg_loss": 0.275175316392311,
    "edge_loss": 0.22828791538874307,
    "dice": 0.800406983210927,
    "iou": 0.7015734446190652,
    "precision": 0.8354798683098384,
    "recall": 0.8172678656521297
  },
  "test_metrics": {
    "loss": 0.2738719154149294,
    "seg_loss": 0.21813211950163047,
    "edge_loss": 0.18579931010802586,
    "dice": 0.8404677410920461,
    "iou": 0.7501852989196778,
    "precision": 0.8707023829221725,
    "recall": 0.8516878416140874
  }
}