{
  "loss": 0.21808093826195418,
  "dice": 0.9115110866604402,
  "iou": 0.8374096194180456,
  "precision": 0.9015556263825901,
  "recall": 0.9216888689905128,
  "tp": 28125381.0,
  "fp": 3071120.0,
  "fn": 2389668.0,
  "tn": 962561031.0,
  "loss_boundary_pre": 0.24077504873275757,
  "loss_rim_pre": 0.8840495347976685,
  "wpb": 0.05,
  "wpr": 0.0
}