{
  "loss": 0.34642097699855057,
  "dice": 0.849728769786253,
  "iou": 0.7387203534842693,
  "precision": 0.8392729872280952,
  "recall": 0.8604483581348866,
  "tp": 3493854.0,
  "fp": 669099.0,
  "fn": 566650.0,
  "tn": 126342397.0,
  "loss_boundary_pre": 0.4271165728569031,
  "loss_rim_pre": 0.8839370012283325,
  "wpb": 0.05,
  "wpr": 0.0
}