{
  "best_epoch": 198,
  "best_val_dice_during_training": 0.849728769786253,
  "best_train_metrics": {
    "loss": 0.21808093826195418,
    "dice": 0.9115110866604402,
    "iou": 0.8374096194180456,
    "precision": 0.9015556263825901,
    "recall": 0.9216888689905128,
    "tp": 28125381.0,
    "fp": 3071120.0,
    "fn": 2389668.0,
    "tn": 962561031.0,
    "loss_boundary_pre": 0.24077504873275757,
    "loss_rim_pre": 0.8840495347976685,
    "wpb": 0.05,
    "wpr": 0.0
  },
  "best_val_metrics": {
    "loss": 0.34642097699855057,
    "dice": 0.849728769786253,
    "iou": 0.7387203534842693,
    "precision": 0.8392729872280952,
    "recall": 0.8604483581348866,
    "tp": 3493854.0,
    "fp": 669099.0,
    "fn": 566650.0,
    "tn": 126342397.0,
    "loss_boundary_pre": 0.4271165728569031,
    "loss_rim_pre": 0.8839370012283325,
    "wpb": 0.05,
    "wpr": 0.0
  },
  "test_metrics": {
    "loss": 0.2852944914251566,
    "dice": 0.8814003352520358,
    "iou": 0.7879497581028342,
    "precision": 0.8759636049635806,
    "recall": 0.8869049739235771,
    "tp": 2738963.0,
    "fp": 387837.0,
    "fn": 349263.0,
    "tn": 90371489.0,
    "loss_boundary_pre": 0.3231668770313263,
    "loss_rim_pre": 0.8615065813064575,
    "wpb": 0.05,
    "wpr": 0.0
  }
}