{
  "loss": 0.31878520149205414,
  "dice": 0.8447604269321296,
  "iou": 0.7312426328062889,
  "precision": 0.8474278454987736,
  "recall": 0.8421097479525098,
  "tp": 3419390.0,
  "fp": 615632.0,
  "fn": 641114.0,
  "tn": 126395864.0
}