{
  "loss": 0.24181511651501295,
  "dice": 0.8897834254742064,
  "iou": 0.8014503168935868,
  "precision": 0.893169485796032,
  "recall": 0.886422941714936,
  "tp": 26945614.0,
  "fp": 3222920.0,
  "fn": 3452532.0,
  "tn": 962526134.0
}