{
  "run_name": "b32_cglb_auglite_e200_constlr_bs6",
  "num_cases": 358,
  "threshold": 0.5,
  "mean_dice": 0.8659092558170182,
  "mean_iou": 0.7776532796599037,
  "mean_precision": 0.8753495799379097,
  "mean_recall": 0.8785977353561384,
  "median_dice": 0.8995327892934618,
  "median_iou": 0.8174099255162268,
  "median_precision": 0.9154732478102564,
  "median_recall": 0.9224215842650332,
  "module_name": "train_resnet34_unet_brr_b32_cglb_e200",
  "class_name": "ResNet34UNetBRRB32CGLB",
  "checkpoint": "/share/home/u2515283028/caries_project/runs/b32_cglb_auglite_e200_constlr_bs6/checkpoints/best.pth",
  "per_case_csv": "/share/home/u2515283028/caries_project/runs/b32_cglb_auglite_e200_constlr_bs6/per_case_metrics.csv"
}