{
  "best_epoch": 120,
  "best_val_dice_during_training": 0.8447604269321296,
  "best_train_metrics": {
    "loss": 0.24181511651501295,
    "dice": 0.8897834254742064,
    "iou": 0.8014503168935868,
    "precision": 0.893169485796032,
    "recall": 0.886422941714936,
    "tp": 26945614.0,
    "fp": 3222920.0,
    "fn": 3452532.0,
    "tn": 962526134.0
  },
  "best_val_metrics": {
    "loss": 0.31878520149205414,
    "dice": 0.8447604269321296,
    "iou": 0.7312426328062889,
    "precision": 0.8474278454987736,
    "recall": 0.8421097479525098,
    "tp": 3419390.0,
    "fp": 615632.0,
    "fn": 641114.0,
    "tn": 126395864.0
  },
  "test_metrics": {
    "loss": 0.26176478813091913,
    "dice": 0.8796570759674899,
    "iou": 0.7851676991910014,
    "precision": 0.8848228396501988,
    "recall": 0.8745512796019869,
    "tp": 2700812.0,
    "fp": 351564.0,
    "fn": 387414.0,
    "tn": 90407762.0
  }
}