{
  "loss": 0.1288378597246973,
  "dice": 0.8759856018755561,
  "iou": 0.779336637802193,
  "mean_iou": 0.8858576858849815,
  "precision": 0.8774862391006587,
  "recall": 0.8744900885314665,
  "specificity": 0.996227341028745,
  "accuracy": 0.9925784964310496,
  "tp": 26110205.0,
  "fp": 3645481.0,
  "fn": 3747429.0,
  "tn": 962644085.0
}