{
  "loss": 0.18971077156066896,
  "dice": 0.8331087624558453,
  "iou": 0.7139557960939409,
  "mean_iou": 0.851741169194492,
  "precision": 0.844164049020081,
  "recall": 0.8223392958115981,
  "specificity": 0.9951467936414197,
  "accuracy": 0.9897933578491211,
  "tp": 3339112.0,
  "fp": 616413.0,
  "fn": 721392.0,
  "tn": 126395083.0
}