{
  "num_cases": 358,
  "dice": {
    "mean": 0.8481065784888075,
    "std": 0.12489232713167366,
    "median": 0.8842722939288098
  },
  "iou": {
    "mean": 0.7529696277120117,
    "std": 0.157008263497955,
    "median": 0.7925520619623581
  },
  "mean_iou": {
    "mean": 0.8719302444027239,
    "std": 0.08104528078785965,
    "median": 0.892284199517288
  },
  "precision": {
    "mean": 0.8608400182726652,
    "std": 0.14023259267926536,
    "median": 0.9111361615137319
  },
  "recall": {
    "mean": 0.8582222131041748,
    "std": 0.14071475208930626,
    "median": 0.8986419633946944
  },
  "specificity": {
    "mean": 0.9959077099259341,
    "std": 0.005443498025672898,
    "median": 0.9975455097115083
  },
  "accuracy": {
    "mean": 0.9912295954187824,
    "std": 0.008542188155069633,
    "median": 0.9937496185302972
  }
}