{
  "best_epoch": 660,
  "best_global_step": 1254000,
  "checkpoint_selection": {
    "metric": "loss",
    "mode": "min",
    "best_value_during_training": 0.18971077156066896
  },
  "stopped_early": false,
  "completed_global_steps": 1900000,
  "best_train_metrics": {
    "loss": 0.1288378597246973,
    "dice": 0.8759856018755561,
    "iou": 0.779336637802193,
    "mean_iou": 0.8858576858849815,
    "precision": 0.8774862391006587,
    "recall": 0.8744900885314665,
    "specificity": 0.996227341028745,
    "accuracy": 0.9925784964310496,
    "tp": 26110205.0,
    "fp": 3645481.0,
    "fn": 3747429.0,
    "tn": 962644085.0
  },
  "best_val_metrics": {
    "loss": 0.18971077156066896,
    "dice": 0.8331087624558453,
    "iou": 0.7139557960939409,
    "mean_iou": 0.851741169194492,
    "precision": 0.844164049020081,
    "recall": 0.8223392958115981,
    "specificity": 0.9951467936414197,
    "accuracy": 0.9897933578491211,
    "tp": 3339112.0,
    "fp": 616413.0,
    "fn": 721392.0,
    "tn": 126395083.0
  },
  "test_metrics": {
    "loss": 0.15192371173943886,
    "dice": 0.8648506105836246,
    "iou": 0.761882637340198,
    "mean_iou": 0.8764295064829937,
    "precision": 0.8772813232549724,
    "recall": 0.8527672521376827,
    "specificity": 0.9959409901303146,
    "accuracy": 0.991229595418749,
    "tp": 2633538.0,
    "fp": 368393.0,
    "fn": 454688.0,
    "tn": 90390933.0
  }
}