{
  "loss": 0.18754467316418416,
  "dice": 0.9177520310238997,
  "iou": 0.8480053160942168,
  "precision": 0.9135439615204076,
  "recall": 0.9219990472996524,
  "tp": 28055781.0,
  "fp": 2655145.0,
  "fn": 2373514.0,
  "tn": 963062760.0
}