{
  "loss": 0.31808550611493136,
  "dice": 0.8484158266366473,
  "iou": 0.7367380051418816,
  "precision": 0.8402905165904616,
  "recall": 0.8566998086937344,
  "tp": 3478633.0,
  "fp": 661165.0,
  "fn": 581871.0,
  "tn": 126350331.0
}