{
  "best_epoch": 250,
  "best_val_dice_during_training": 0.8484158266366473,
  "best_train_metrics": {
    "loss": 0.18754467316418416,
    "dice": 0.9177520310238997,
    "iou": 0.8480053160942168,
    "precision": 0.9135439615204076,
    "recall": 0.9219990472996524,
    "tp": 28055781.0,
    "fp": 2655145.0,
    "fn": 2373514.0,
    "tn": 963062760.0
  },
  "best_val_metrics": {
    "loss": 0.31808550611493136,
    "dice": 0.8484158266366473,
    "iou": 0.7367380051418816,
    "precision": 0.8402905165904616,
    "recall": 0.8566998086937344,
    "tp": 3478633.0,
    "fp": 661165.0,
    "fn": 581871.0,
    "tn": 126350331.0
  },
  "test_metrics": {
    "loss": 0.2500300930192073,
    "dice": 0.8892174159851733,
    "iou": 0.8005323713045689,
    "precision": 0.8887400959714677,
    "recall": 0.8896952489876422,
    "tp": 2747580.0,
    "fp": 343965.0,
    "fn": 340646.0,
    "tn": 90415361.0
  }
}