{
  "loss": 0.2207791725590778,
  "dice": 0.9007574867715312,
  "iou": 0.8194347252145615,
  "precision": 0.9015006647593895,
  "recall": 0.9000155330946563,
  "tp": 27261619.0,
  "fp": 2978646.0,
  "fn": 3028546.0,
  "tn": 962878389.0
}