{
  "loss": 0.3221632403632005,
  "dice": 0.8478768807390996,
  "iou": 0.7359255851779576,
  "precision": 0.845338416691103,
  "recall": 0.8504306361969227,
  "tp": 3453177.0,
  "fp": 631787.0,
  "fn": 607327.0,
  "tn": 126379709.0
}