{
  "run_name": "b14_ppm_bottleneck_auglite_e200_constlr_bs6",
  "num_cases": 358,
  "threshold": 0.5,
  "mean_dice": 0.8691275457360644,
  "mean_iou": 0.7816714076455206,
  "mean_precision": 0.8782140052207166,
  "mean_recall": 0.8810421249826571,
  "median_dice": 0.9036044824331084,
  "median_iou": 0.8241592609770325,
  "median_precision": 0.912623625321616,
  "median_recall": 0.9233859244769125,
  "module_name": "train_resnet34_unet_brr_b14_ppm_e200",
  "class_name": "ResNet34UNetBRRB14PPM",
  "checkpoint": "/share/home/u2515283028/caries_project/runs/b14_ppm_bottleneck_auglite_e200_constlr_bs6/checkpoints/best.pth",
  "per_case_csv": "/share/home/u2515283028/caries_project/runs/b14_ppm_bottleneck_auglite_e200_constlr_bs6/per_case_metrics.csv"
}