{
  "best_epoch": 174,
  "best_val_dice_during_training": 0.8478768807390996,
  "best_train_metrics": {
    "loss": 0.2207791725590778,
    "dice": 0.9007574867715312,
    "iou": 0.8194347252145615,
    "precision": 0.9015006647593895,
    "recall": 0.9000155330946563,
    "tp": 27261619.0,
    "fp": 2978646.0,
    "fn": 3028546.0,
    "tn": 962878389.0
  },
  "best_val_metrics": {
    "loss": 0.3221632403632005,
    "dice": 0.8478768807390996,
    "iou": 0.7359255851779576,
    "precision": 0.845338416691103,
    "recall": 0.8504306361969227,
    "tp": 3453177.0,
    "fp": 631787.0,
    "fn": 607327.0,
    "tn": 126379709.0
  },
  "test_metrics": {
    "loss": 0.2559827526410421,
    "dice": 0.8834179190608569,
    "iou": 0.7911804551957875,
    "precision": 0.8885030123698482,
    "recall": 0.8783907006806243,
    "tp": 2712669.0,
    "fp": 340409.0,
    "fn": 375557.0,
    "tn": 90418917.0
  },
  "model_parameters": 24964312,
  "trainable_parameters": 24964312,
  "ppm_parameters": 525825,
  "learned_ppm_scale": 0.4340316951274872
}