{
  "loss": 0.11854092440089029,
  "dice": 0.9063814522152067,
  "iou": 0.8386205396253604,
  "precision": 0.9035270211260401,
  "recall": 0.9207194071462854
}