{
  "loss": 0.2643160568550229,
  "dice": 0.7960972899482364,
  "iou": 0.6952380967282114,
  "precision": 0.8238780086948758,
  "recall": 0.8225476770173936
}