{
  "run_name": "resunet_cbsa_mkdc_a05_t2_e50_bs6",
  "num_cases": 358,
  "threshold": 0.5,
  "mean_dice": 0.8273681641835511,
  "mean_iou": 0.7323391262983645,
  "mean_precision": 0.8505628855899058,
  "mean_recall": 0.8434620913230136,
  "median_dice": 0.8864520156896004,
  "median_iou": 0.7960609485028761,
  "median_precision": 0.9047756071889298,
  "median_recall": 0.9154109433011852,
  "module_name": "train_resunet_cbsa_mkdc_a05_t2",
  "class_name": "ResNet34UNetCBSAMKDCA05",
  "checkpoint": "/share/home/u2515283028/caries_project/runs/resunet_cbsa_mkdc_a05_t2_e50_bs6/checkpoints/best.pth",
  "per_case_csv": "/share/home/u2515283028/caries_project/runs/resunet_cbsa_mkdc_a05_t2_e50_bs6/per_case_metrics.csv"
}