{
  "best_epoch": 47,
  "best_val_dice_during_training": 0.7960972899482364,
  "best_train_metrics": {
    "loss": 0.11854092440089029,
    "dice": 0.9063814522152067,
    "iou": 0.8386205396253604,
    "precision": 0.9035270211260401,
    "recall": 0.9207194071462854
  },
  "best_val_metrics": {
    "loss": 0.2643160568550229,
    "dice": 0.7960972899482364,
    "iou": 0.6952380967282114,
    "precision": 0.8238780086948758,
    "recall": 0.8225476770173936
  },
  "test_metrics": {
    "loss": 0.2217509428660075,
    "dice": 0.8277935296297073,
    "iou": 0.7328848898410797,
    "precision": 0.8507940630118053,
    "recall": 0.8438960820436477
  }
}