{
  "loss": 0.1411780903133496,
  "dice": 0.8886984350741474,
  "iou": 0.8114750582713058,
  "precision": 0.8925825064114592,
  "recall": 0.8991934177627323
}