{
  "loss": 0.22422742830323322,
  "dice": 0.8267569364536376,
  "iou": 0.7321527763491585,
  "precision": 0.8409834475744338,
  "recall": 0.8493766940775371
}