{
  "run_name": "resunet_cbsa_auglite_e200_coslr_bs6",
  "num_cases": 358,
  "threshold": 0.5,
  "mean_dice": 0.8663659896209897,
  "mean_iou": 0.7784488093525944,
  "mean_precision": 0.8713914062829771,
  "mean_recall": 0.8814826877170162,
  "median_dice": 0.8997855372429728,
  "median_iou": 0.8178275108171283,
  "median_precision": 0.9144835180030851,
  "median_recall": 0.9222567587595106,
  "module_name": "train_resunet_cbsa_auglite_e200_coslr",
  "class_name": "ResNet34UNetCBSA",
  "checkpoint": "/share/home/u2515283028/caries_project/runs/resunet_cbsa_auglite_e200_coslr_bs6/checkpoints/best.pth",
  "per_case_csv": "/share/home/u2515283028/caries_project/runs/resunet_cbsa_auglite_e200_coslr_bs6/per_case_metrics.csv"
}