{
  "best_epoch": 133,
  "best_val_dice_during_training": 0.8267569364536376,
  "best_train_metrics": {
    "loss": 0.1411780903133496,
    "dice": 0.8886984350741474,
    "iou": 0.8114750582713058,
    "precision": 0.8925825064114592,
    "recall": 0.8991934177627323
  },
  "best_val_metrics": {
    "loss": 0.22422742830323322,
    "dice": 0.8267569364536376,
    "iou": 0.7321527763491585,
    "precision": 0.8409834475744338,
    "recall": 0.8493766940775371
  },
  "test_metrics": {
    "loss": 0.17069979732235271,
    "dice": 0.8665665129820506,
    "iou": 0.7786980797847112,
    "precision": 0.8714466661214828,
    "recall": 0.8817460616429647
  }
}