{
  "loss": 0.12388936887357137,
  "dice": 0.9020270451386269,
  "iou": 0.8320541557641435,
  "precision": 0.8995922935497873,
  "recall": 0.916519620159071
}