{
  "loss": 0.26727978193334173,
  "dice": 0.7920216669638952,
  "iou": 0.6926170789769718,
  "precision": 0.8343881432499204,
  "recall": 0.8118167767922083
}