{
  "run_name": "resunet_cbsa_bgd_u7_e50_bs6",
  "num_cases": 358,
  "threshold": 0.5,
  "mean_dice": 0.8376853336865766,
  "mean_iou": 0.7439578186523773,
  "mean_precision": 0.8590951933608223,
  "mean_recall": 0.8536997281435821,
  "median_dice": 0.8888330776041728,
  "median_iou": 0.7999095913894375,
  "median_precision": 0.912240770107444,
  "median_recall": 0.9151827352789919,
  "module_name": "train_resunet_cbsa_bgd_u7",
  "class_name": "ResNet34UNetCBSABGD",
  "checkpoint": "/share/home/u2515283028/caries_project/runs/resunet_cbsa_bgd_u7_e50_bs6/checkpoints/best.pth",
  "per_case_csv": "/share/home/u2515283028/caries_project/runs/resunet_cbsa_bgd_u7_e50_bs6/per_case_metrics.csv"
}