{
  "best_epoch": 40,
  "best_val_dice_during_training": 0.7920216669638952,
  "best_train_metrics": {
    "loss": 0.12388936887357137,
    "dice": 0.9020270451386269,
    "iou": 0.8320541557641435,
    "precision": 0.8995922935497873,
    "recall": 0.916519620159071
  },
  "best_val_metrics": {
    "loss": 0.26727978193334173,
    "dice": 0.7920216669638952,
    "iou": 0.6926170789769718,
    "precision": 0.8343881432499204,
    "recall": 0.8118167767922083
  },
  "test_metrics": {
    "loss": 0.21094143415490788,
    "dice": 0.8377951006094615,
    "iou": 0.7441825643181801,
    "precision": 0.8593261182308197,
    "recall": 0.8535975565512975
  }
}