{
  "loss": 0.20835355156885713,
  "dice": 0.9087093847697615,
  "iou": 0.8326923846752282,
  "precision": 0.9058877745656644,
  "recall": 0.9115486270908826,
  "tp": 27707103.0,
  "fp": 2878477.0,
  "fn": 2688536.0,
  "tn": 962873084.0
}