{
  "loss": 0.3179878004427467,
  "dice": 0.8484546148673404,
  "iou": 0.7367965047852887,
  "precision": 0.8478696228411257,
  "recall": 0.8490404146874749,
  "tp": 3447532.0,
  "fp": 618579.0,
  "fn": 612972.0,
  "tn": 126392917.0
}