{
  "run_name": "b13_cer_auglite_e200_constlr_bs6",
  "num_cases": 358,
  "threshold": 0.5,
  "mean_dice": 0.8671638413557029,
  "mean_iou": 0.7808509895815677,
  "mean_precision": 0.8714196823344961,
  "mean_recall": 0.8845958624482357,
  "median_dice": 0.9039203314629197,
  "median_iou": 0.8246848818525689,
  "median_precision": 0.9101972904784947,
  "median_recall": 0.9314406812411322,
  "module_name": "train_resnet34_unet_brr_b13_cer_e200",
  "class_name": "ResNet34UNetBRRB13CER",
  "checkpoint": "/share/home/u2515283028/caries_project/runs/b13_cer_auglite_e200_constlr_bs6/checkpoints/best.pth",
  "per_case_csv": "/share/home/u2515283028/caries_project/runs/b13_cer_auglite_e200_constlr_bs6/per_case_metrics.csv"
}