{
  "best_epoch": 178,
  "best_val_dice_during_training": 0.8484546148673404,
  "best_train_metrics": {
    "loss": 0.20835355156885713,
    "dice": 0.9087093847697615,
    "iou": 0.8326923846752282,
    "precision": 0.9058877745656644,
    "recall": 0.9115486270908826,
    "tp": 27707103.0,
    "fp": 2878477.0,
    "fn": 2688536.0,
    "tn": 962873084.0
  },
  "best_val_metrics": {
    "loss": 0.3179878004427467,
    "dice": 0.8484546148673404,
    "iou": 0.7367965047852887,
    "precision": 0.8478696228411257,
    "recall": 0.8490404146874749,
    "tp": 3447532.0,
    "fp": 618579.0,
    "fn": 612972.0,
    "tn": 126392917.0
  },
  "test_metrics": {
    "loss": 0.2610311711827914,
    "dice": 0.8823686769010537,
    "iou": 0.7894988791603237,
    "precision": 0.8825001473777194,
    "recall": 0.8822372455902249,
    "tp": 2724548.0,
    "fp": 362758.0,
    "fn": 363678.0,
    "tn": 90396568.0
  },
  "model_parameters": 24454953,
  "trainable_parameters": 24454953,
  "cer_parameters": 16466,
  "learned_cer_scale": 0.7985164523124695
}