{
  "loss": 0.33294929359995185,
  "seg_loss": 0.2721163353749684,
  "edge_loss": 0.2027765211338798,
  "dice": 0.8017536061150687,
  "iou": 0.7027450931214151,
  "precision": 0.846888025601705,
  "recall": 0.8099576752810251
}