{
  "loss": 0.1273776832674204,
  "seg_loss": 0.10380391178987568,
  "edge_loss": 0.07857923548116293,
  "dice": 0.9264864254073014,
  "iou": 0.8685309919837145,
  "precision": 0.932016706241042,
  "recall": 0.926846675316242
}