{
  "best_epoch": 38,
  "best_val_dice_during_training": 0.8017536061150687,
  "best_train_metrics": {
    "loss": 0.1273776832674204,
    "seg_loss": 0.10380391178987568,
    "edge_loss": 0.07857923548116293,
    "dice": 0.9264864254073014,
    "iou": 0.8685309919837145,
    "precision": 0.932016706241042,
    "recall": 0.926846675316242
  },
  "best_val_metrics": {
    "loss": 0.33294929359995185,
    "seg_loss": 0.2721163353749684,
    "edge_loss": 0.2027765211338798,
    "dice": 0.8017536061150687,
    "iou": 0.7027450931214151,
    "precision": 0.846888025601705,
    "recall": 0.8099576752810251
  },
  "test_metrics": {
    "loss": 0.26695113740861415,
    "seg_loss": 0.21822764401634534,
    "edge_loss": 0.16241163313388823,
    "dice": 0.8390037914117178,
    "iou": 0.7491410305102666,
    "precision": 0.8799335877100627,
    "recall": 0.8363415122032165
  }
}