{
  "dice": 0.9418969343661691,
  "iou": 0.8901750358335355,
  "precision": 0.9407095843494466,
  "recall": 0.9430872854828352,
  "loss": 0.044088169627479815
}