{
  "dice": 0.8276975132049206,
  "iou": 0.7060443209224442,
  "precision": 0.84719324693785,
  "recall": 0.8090788729674984,
  "loss": 0.13626988393068312
}