{
  "best_epoch": 46,
  "best_val_dice_during_training": 0.8276975132049206,
  "best_train_metrics": {
    "dice": 0.9418969343661691,
    "iou": 0.8901750358335355,
    "precision": 0.9407095843494466,
    "recall": 0.9430872854828352,
    "loss": 0.044088169627479815
  },
  "best_val_metrics": {
    "dice": 0.8276975132049206,
    "iou": 0.7060443209224442,
    "precision": 0.84719324693785,
    "recall": 0.8090788729674984,
    "loss": 0.13626988393068312
  },
  "test_metrics": {
    "dice": 0.8695956931077206,
    "iou": 0.7692784677178265,
    "precision": 0.891391413516289,
    "recall": 0.8488404022244534,
    "loss": 0.10147711350556525
  }
}