{
  "loss": 0.12099688845666048,
  "dice": 0.9121357265519043,
  "iou": 0.8462804777765124,
  "precision": 0.9175666859285313,
  "recall": 0.9149035943043344
}