{
  "loss": 0.26355371189614135,
  "dice": 0.8057833597773597,
  "iou": 0.705447195541291,
  "precision": 0.8328744903916404,
  "recall": 0.8211578457128434
}