{
  "best_epoch": 31,
  "best_val_dice_during_training": 0.8057833597773597,
  "best_train_metrics": {
    "loss": 0.12099688845666048,
    "dice": 0.9121357265519043,
    "iou": 0.8462804777765124,
    "precision": 0.9175666859285313,
    "recall": 0.9149035943043344
  },
  "best_val_metrics": {
    "loss": 0.26355371189614135,
    "dice": 0.8057833597773597,
    "iou": 0.705447195541291,
    "precision": 0.8328744903916404,
    "recall": 0.8211578457128434
  },
  "test_metrics": {
    "loss": 0.20670348294079305,
    "dice": 0.8473429729541143,
    "iou": 0.7546542962392171,
    "precision": 0.866348385810852,
    "recall": 0.8564741224050522
  }
}