{
  "run_name": "resnet34_unet3p_cbsa_e50_bs6",
  "num_cases": 358,
  "threshold": 0.5,
  "mean_dice": 0.8517420371166992,
  "mean_iou": 0.7638413189317153,
  "mean_precision": 0.8711470132629833,
  "mean_recall": 0.8616778547596409,
  "median_dice": 0.8976862046063955,
  "median_iou": 0.8143653969184961,
  "median_precision": 0.9244344131285196,
  "median_recall": 0.9343232078577315,
  "module_name": "train_resnet34_unet3p_cbsa",
  "class_name": "ResNet34UNet3PlusCBSA",
  "checkpoint": "/share/home/u2515283028/caries_project/runs/resnet34_unet3p_cbsa_e50_bs6/checkpoints/best.pth",
  "per_case_csv": "/share/home/u2515283028/caries_project/runs/resnet34_unet3p_cbsa_e50_bs6/per_case_metrics.csv"
}