{
  "loss": 0.2663690868676418,
  "dice": 0.7986129891304743,
  "iou": 0.6997838740547498,
  "precision": 0.8400723472947166,
  "recall": 0.8051138917605082
}