{
  "loss": 0.10077242553821686,
  "dice": 0.9204674035968841,
  "iou": 0.8595871313325238,
  "precision": 0.9278942298625922,
  "recall": 0.9206907223639804
}