{
  "best_epoch": 40,
  "best_val_dice_during_training": 0.7986129891304743,
  "best_train_metrics": {
    "loss": 0.10077242553821686,
    "dice": 0.9204674035968841,
    "iou": 0.8595871313325238,
    "precision": 0.9278942298625922,
    "recall": 0.9206907223639804
  },
  "best_val_metrics": {
    "loss": 0.2663690868676418,
    "dice": 0.7986129891304743,
    "iou": 0.6997838740547498,
    "precision": 0.8400723472947166,
    "recall": 0.8051138917605082
  },
  "test_metrics": {
    "loss": 0.19995895021905502,
    "dice": 0.8461039374272029,
    "iou": 0.754854745666186,
    "precision": 0.8728605647881825,
    "recall": 0.8475283304850261
  }
}