{
  "loss": 0.2654241543884079,
  "dice": 0.7981236924727758,
  "iou": 0.7007164461981683,
  "precision": 0.8275268113329297,
  "recall": 0.8241688921338036
}