{
  "loss": 0.10589904408631641,
  "dice": 0.916240001796548,
  "iou": 0.8536828658558216,
  "precision": 0.9064829586432184,
  "recall": 0.9353796175037649
}