{
  "best_epoch": 45,
  "best_val_dice_during_training": 0.7981236924727758,
  "best_train_metrics": {
    "loss": 0.10589904408631641,
    "dice": 0.916240001796548,
    "iou": 0.8536828658558216,
    "precision": 0.9064829586432184,
    "recall": 0.9353796175037649
  },
  "best_val_metrics": {
    "loss": 0.2654241543884079,
    "dice": 0.7981236924727758,
    "iou": 0.7007164461981683,
    "precision": 0.8275268113329297,
    "recall": 0.8241688921338036
  },
  "test_metrics": {
    "loss": 0.20039092501004538,
    "dice": 0.8468769510587056,
    "iou": 0.7575590039292971,
    "precision": 0.8643769224484762,
    "recall": 0.8622084885835648
  }
}