{
  "loss": 0.10075655434868838,
  "bce": 0.027794521073075503,
  "dice_loss": 0.10141674198602375,
  "focal_tversky": 0.15498293194331622,
  "dice": 0.9002935181165996,
  "iou": 0.8303701275900791,
  "precision": 0.8823221800829235,
  "recall": 0.9330348945918836
}