{
  "loss": 0.19740106949210168,
  "bce": 0.07105789410695433,
  "dice_loss": 0.21314068126678468,
  "focal_tversky": 0.2803537291288376,
  "dice": 0.7882084634304046,
  "iou": 0.6890697939395904,
  "precision": 0.8106692717075348,
  "recall": 0.8274555999040604
}