{
  "run_name": "resunet_cbsa_mkdc_l2_640_e80_bs4",
  "num_cases": 358,
  "threshold": 0.5,
  "mean_dice": 0.8316760146265563,
  "mean_iou": 0.7395911554249236,
  "mean_precision": 0.8390655498665008,
  "mean_recall": 0.8654306669285925,
  "median_dice": 0.8878964621164184,
  "median_iou": 0.7983937064280693,
  "median_precision": 0.8921439514164011,
  "median_recall": 0.9381175138694458,
  "module_name": "train_resunet_cbsa_mkdc_l2_640",
  "class_name": "ResNet34UNetCBSAMKDC",
  "checkpoint": "/share/home/u2515283028/caries_project/runs/resunet_cbsa_mkdc_l2_640_e80_bs4/checkpoints/best.pth",
  "per_case_csv": "/share/home/u2515283028/caries_project/runs/resunet_cbsa_mkdc_l2_640_e80_bs4/per_case_metrics.csv"
}