{
  "best_epoch": 44,
  "best_val_dice_during_training": 0.7882084634304046,
  "best_train_metrics": {
    "loss": 0.10075655434868838,
    "bce": 0.027794521073075503,
    "dice_loss": 0.10141674198602375,
    "focal_tversky": 0.15498293194331622,
    "dice": 0.9002935181165996,
    "iou": 0.8303701275900791,
    "precision": 0.8823221800829235,
    "recall": 0.9330348945918836
  },
  "best_val_metrics": {
    "loss": 0.19740106949210168,
    "bce": 0.07105789410695433,
    "dice_loss": 0.21314068126678468,
    "focal_tversky": 0.2803537291288376,
    "dice": 0.7882084634304046,
    "iou": 0.6890697939395904,
    "precision": 0.8106692717075348,
    "recall": 0.8274555999040604
  },
  "test_metrics": {
    "loss": 0.16205960412265202,
    "bce": 0.05607520436670361,
    "dice_loss": 0.16994436160146192,
    "focal_tversky": 0.23563432639371085,
    "dice": 0.831688247579436,
    "iou": 0.7396057201497381,
    "precision": 0.8390701829388155,
    "recall": 0.8654404995161727
  }
}