{
  "loss": 0.3163892714572804,
  "dice": 0.8490702662488111,
  "iou": 0.7377255460083522,
  "precision": 0.8454218593052313,
  "recall": 0.8527502989777002,
  "tp": 3462596.0,
  "fp": 633106.0,
  "fn": 597908.0,
  "tn": 126378390.0,
  "wb": 0.2,
  "wr": 0.1
}