{
  "loss": 0.21086927604412053,
  "dice": 0.9065406338960458,
  "iou": 0.8290574501420152,
  "precision": 0.9029710342618552,
  "recall": 0.9101385680226203,
  "tp": 27772923.0,
  "fp": 2984346.0,
  "fn": 2742126.0,
  "tn": 962647805.0,
  "wb": 0.2,
  "wr": 0.1
}