{
  "best_epoch": 167,
  "best_val_dice_during_training": 0.8490702662488111,
  "best_train_metrics": {
    "loss": 0.21086927604412053,
    "dice": 0.9065406338960458,
    "iou": 0.8290574501420152,
    "precision": 0.9029710342618552,
    "recall": 0.9101385680226203,
    "tp": 27772923.0,
    "fp": 2984346.0,
    "fn": 2742126.0,
    "tn": 962647805.0,
    "wb": 0.2,
    "wr": 0.1
  },
  "best_val_metrics": {
    "loss": 0.3163892714572804,
    "dice": 0.8490702662488111,
    "iou": 0.7377255460083522,
    "precision": 0.8454218593052313,
    "recall": 0.8527502989777002,
    "tp": 3462596.0,
    "fp": 633106.0,
    "fn": 597908.0,
    "tn": 126378390.0,
    "wb": 0.2,
    "wr": 0.1
  },
  "test_metrics": {
    "loss": 0.2652891187618176,
    "dice": 0.8782973984860093,
    "iou": 0.7830037991358707,
    "precision": 0.8800715261070681,
    "recall": 0.8765304093677482,
    "tp": 2706924.0,
    "fp": 368876.0,
    "fn": 381302.0,
    "tn": 90390450.0,
    "wb": 0.2,
    "wr": 0.1
  }
}