{
  "loss": 0.31214963440738974,
  "dice": 0.7591081999597096,
  "iou": 0.6518397065145629,
  "precision": 0.7969028034380504,
  "recall": 0.7831733780247825
}