{
  "loss": 0.10022354744116214,
  "dice": 0.9226348064487289,
  "iou": 0.8630198476254376,
  "precision": 0.9152867462168732,
  "recall": 0.9370314594510978
}