{
  "run_name": "classic_resunet_b0_e50_bs6",
  "num_cases": 358,
  "threshold": 0.5,
  "mean_dice": 0.8037933441756945,
  "mean_iou": 0.7018381023904615,
  "mean_precision": 0.8301843855497913,
  "mean_recall": 0.8241985274887516,
  "median_dice": 0.8669815328361032,
  "median_iou": 0.7651963319671211,
  "median_precision": 0.9046233892232101,
  "median_recall": 0.8890708422665548,
  "module_name": "train_classic_resunet_b0",
  "class_name": "ClassicResUNet",
  "checkpoint": "/share/home/u2515283028/caries_project/runs/classic_resunet_b0_e50_bs6/checkpoints/best.pth",
  "per_case_csv": "/share/home/u2515283028/caries_project/runs/classic_resunet_b0_e50_bs6/per_case_metrics.csv"
}