{
  "best_epoch": 48,
  "best_val_dice_during_training": 0.7591081999597096,
  "best_train_metrics": {
    "loss": 0.10022354744116214,
    "dice": 0.9226348064487289,
    "iou": 0.8630198476254376,
    "precision": 0.9152867462168732,
    "recall": 0.9370314594510978
  },
  "best_val_metrics": {
    "loss": 0.31214963440738974,
    "dice": 0.7591081999597096,
    "iou": 0.6518397065145629,
    "precision": 0.7969028034380504,
    "recall": 0.7831733780247825
  },
  "test_metrics": {
    "loss": 0.25861789112289746,
    "dice": 0.8040217687686284,
    "iou": 0.7022364949186642,
    "precision": 0.8307504216829936,
    "recall": 0.8242038354277611
  }
}