{
  "run_name": "resnet34_unet3p_brm_e50_bs6",
  "num_cases": 358,
  "threshold": 0.5,
  "mean_dice": 0.8472749949947517,
  "mean_iou": 0.7571550975547505,
  "mean_precision": 0.8847877089880152,
  "mean_recall": 0.8447162764509107,
  "median_dice": 0.8910137350812553,
  "median_iou": 0.8034495947175048,
  "median_precision": 0.9375128554401755,
  "median_recall": 0.903644744305206,
  "module_name": "train_resnet34_unet3p_brm",
  "class_name": "ResNet34UNet3PlusBRM",
  "checkpoint": "/share/home/u2515283028/caries_project/runs/resnet34_unet3p_brm_e50_bs6/checkpoints/best.pth",
  "per_case_csv": "/share/home/u2515283028/caries_project/runs/resnet34_unet3p_brm_e50_bs6/per_case_metrics.csv"
}