{
  "loss": 0.2252124984299159,
  "loss_tversky": 0.11959543065623342,
  "dice": 0.8980997397247173,
  "iou": 0.8150463087288429,
  "precision": 0.9010663644686043,
  "recall": 0.8951525852047658,
  "tp": 27315625.0,
  "fp": 2999151.0,
  "fn": 3199424.0,
  "tn": 962633000.0
}