{
  "loss": 0.31511982069129035,
  "loss_tversky": 0.17317557671949976,
  "dice": 0.8482378357304055,
  "iou": 0.7364696132976023,
  "precision": 0.8499070114963929,
  "recall": 0.8465752034723161,
  "tp": 3437522.0,
  "fp": 607064.0,
  "fn": 622982.0,
  "tn": 126404432.0
}