{
  "best_epoch": 139,
  "best_val_dice_during_training": 0.8482378357304055,
  "best_train_metrics": {
    "loss": 0.2252124984299159,
    "loss_tversky": 0.11959543065623342,
    "dice": 0.8980997397247173,
    "iou": 0.8150463087288429,
    "precision": 0.9010663644686043,
    "recall": 0.8951525852047658,
    "tp": 27315625.0,
    "fp": 2999151.0,
    "fn": 3199424.0,
    "tn": 962633000.0
  },
  "best_val_metrics": {
    "loss": 0.31511982069129035,
    "loss_tversky": 0.17317557671949976,
    "dice": 0.8482378357304055,
    "iou": 0.7364696132976023,
    "precision": 0.8499070114963929,
    "recall": 0.8465752034723161,
    "tp": 3437522.0,
    "fp": 607064.0,
    "fn": 622982.0,
    "tn": 126404432.0
  },
  "test_metrics": {
    "loss": 0.2636284482975801,
    "loss_tversky": 0.13967946656048297,
    "dice": 0.8796924762472472,
    "iou": 0.7852241081989079,
    "precision": 0.8826981422544107,
    "recall": 0.8767072098998335,
    "tp": 2707470.0,
    "fp": 359796.0,
    "fn": 380756.0,
    "tn": 90399530.0
  }
}