{
  "loss": 0.14443887656771986,
  "dice": 0.8860992902084855,
  "iou": 0.8074063694439476,
  "precision": 0.8900169868386506,
  "recall": 0.8969304980915803
}