{
  "loss": 0.22469381903786034,
  "dice": 0.8267357015893573,
  "iou": 0.7307374417072251,
  "precision": 0.8391002643676031,
  "recall": 0.8486072612660271
}