{
  "best_epoch": 176,
  "best_val_dice_during_training": 0.8267357015893573,
  "best_train_metrics": {
    "loss": 0.14443887656771986,
    "dice": 0.8860992902084855,
    "iou": 0.8074063694439476,
    "precision": 0.8900169868386506,
    "recall": 0.8969304980915803
  },
  "best_val_metrics": {
    "loss": 0.22469381903786034,
    "dice": 0.8267357015893573,
    "iou": 0.7307374417072251,
    "precision": 0.8391002643676031,
    "recall": 0.8486072612660271
  },
  "test_metrics": {
    "loss": 0.1896341825524966,
    "dice": 0.85312922000885,
    "iou": 0.7633832981189091,
    "precision": 0.8638490041097006,
    "recall": 0.869285864631335
  }
}