{
  "loss": 0.1545482349555575,
  "seg_loss": 0.12924924826584402,
  "edge_loss": 0.08432995217737715,
  "dice": 0.9077354385649744,
  "iou": 0.8380427732828664,
  "precision": 0.9062834255138782,
  "recall": 0.9180548782416322
}