{
  "loss": 0.32645262706847417,
  "seg_loss": 0.2714812952936405,
  "edge_loss": 0.18323776578264578,
  "dice": 0.8019595110700244,
  "iou": 0.7021246006091436,
  "precision": 0.816292058853876,
  "recall": 0.830442685456503
}