{
  "best_epoch": 27,
  "best_val_dice_during_training": 0.8019595110700244,
  "best_train_metrics": {
    "loss": 0.1545482349555575,
    "seg_loss": 0.12924924826584402,
    "edge_loss": 0.08432995217737715,
    "dice": 0.9077354385649744,
    "iou": 0.8380427732828664,
    "precision": 0.9062834255138782,
    "recall": 0.9180548782416322
  },
  "best_val_metrics": {
    "loss": 0.32645262706847417,
    "seg_loss": 0.2714812952936405,
    "edge_loss": 0.18323776578264578,
    "dice": 0.8019595110700244,
    "iou": 0.7021246006091436,
    "precision": 0.816292058853876,
    "recall": 0.830442685456503
  },
  "test_metrics": {
    "loss": 0.2560325037688017,
    "seg_loss": 0.2129611338178317,
    "edge_loss": 0.14357122307022413,
    "dice": 0.8445535292228062,
    "iou": 0.7532889241973559,
    "precision": 0.8571247160434723,
    "recall": 0.8658922334512075
  }
}