{
  "loss": 0.21970442682504654,
  "dice": 0.8299786980663028,
  "iou": 0.7349879507507596,
  "precision": 0.8304265020858674,
  "recall": 0.8619695589655921
}