{
  "loss": 0.15008998517687389,
  "dice": 0.8816367271194698,
  "iou": 0.8015249082906765,
  "precision": 0.8775495113070455,
  "recall": 0.9027177437622841
}