{
  "best_epoch": 118,
  "best_val_dice_during_training": 0.8299786980663028,
  "best_train_metrics": {
    "loss": 0.15008998517687389,
    "dice": 0.8816367271194698,
    "iou": 0.8015249082906765,
    "precision": 0.8775495113070455,
    "recall": 0.9027177437622841
  },
  "best_val_metrics": {
    "loss": 0.21970442682504654,
    "dice": 0.8299786980663028,
    "iou": 0.7349879507507596,
    "precision": 0.8304265020858674,
    "recall": 0.8619695589655921
  },
  "test_metrics": {
    "loss": 0.1707115733375152,
    "dice": 0.8668171326319377,
    "iou": 0.7790166765451432,
    "precision": 0.8610134969154993,
    "recall": 0.8934130132198334
  }
}