{
  "loss": 0.1494902123224096,
  "dice": 0.8953622867509574,
  "iou": 0.8105483598939007,
  "precision": 0.899750895594909,
  "recall": 0.8910162817031948,
  "tp": 26886942.0,
  "fp": 2995709.0,
  "fn": 3288648.0,
  "tn": 962975901.0
}