{
  "loss": 0.2284199157286258,
  "dice": 0.8452687953853437,
  "iou": 0.732004809437405,
  "precision": 0.8452105162588314,
  "recall": 0.8453270825493965,
  "tp": 3432454.0,
  "fp": 628610.0,
  "fn": 628050.0,
  "tn": 126382886.0
}