{
  "run_name": "b30_ablation_rbsg_only_auglite_e260_constlr_bs6",
  "num_cases": 358,
  "threshold": 0.5,
  "mean_dice": 0.8593886354117515,
  "mean_iou": 0.7694451495723312,
  "mean_precision": 0.8713791398468284,
  "mean_recall": 0.8722205034569671,
  "median_dice": 0.8982125182399001,
  "median_iou": 0.8152321137875936,
  "median_precision": 0.9132401472253264,
  "median_recall": 0.919722639353908,
  "module_name": "train_resnet34_unet_brr_b28_rbsg_only_e200",
  "class_name": "ResNet34UNetBRRB28RBSGOnly",
  "checkpoint": "/share/home/u2515283028/caries_project/runs/b30_ablation_rbsg_only_auglite_e260_constlr_bs6/checkpoints/best.pth",
  "per_case_csv": "/share/home/u2515283028/caries_project/runs/b30_ablation_rbsg_only_auglite_e260_constlr_bs6/per_case_metrics.csv"
}