{
  "best_epoch": 149,
  "best_val_dice_during_training": 0.8452687953853437,
  "best_train_metrics": {
    "loss": 0.1494902123224096,
    "dice": 0.8953622867509574,
    "iou": 0.8105483598939007,
    "precision": 0.899750895594909,
    "recall": 0.8910162817031948,
    "tp": 26886942.0,
    "fp": 2995709.0,
    "fn": 3288648.0,
    "tn": 962975901.0
  },
  "best_val_metrics": {
    "loss": 0.2284199157286258,
    "dice": 0.8452687953853437,
    "iou": 0.732004809437405,
    "precision": 0.8452105162588314,
    "recall": 0.8453270825493965,
    "tp": 3432454.0,
    "fp": 628610.0,
    "fn": 628050.0,
    "tn": 126382886.0
  },
  "test_metrics": {
    "loss": 0.18129174150526522,
    "dice": 0.8734119457744105,
    "iou": 0.7752717974404812,
    "precision": 0.8788131901129951,
    "recall": 0.868076688687982,
    "tp": 2680817.0,
    "fp": 369680.0,
    "fn": 407409.0,
    "tn": 90389646.0
  }
}