{
  "loss": 0.22459491261219378,
  "dice": 0.9079404235922871,
  "iou": 0.8314019154329695,
  "precision": 0.9016419136528215,
  "recall": 0.9143275503178804,
  "tp": 27900750.0,
  "fp": 3043630.0,
  "fn": 2614299.0,
  "tn": 962588521.0,
  "loss_boundary": 0.3467666208744049,
  "loss_rim": 0.017464205622673035,
  "wb": 0.2,
  "wr": 0.1
}