{
  "loss": 0.3385925122669765,
  "dice": 0.8469655593422245,
  "iou": 0.7345535653376368,
  "precision": 0.8401686755980534,
  "recall": 0.8538733122785117,
  "tp": 3467156.0,
  "fp": 659582.0,
  "fn": 593348.0,
  "tn": 126351914.0,
  "loss_boundary": 0.3745245933532715,
  "loss_rim": 0.021276870742440224,
  "wb": 0.2,
  "wr": 0.1
}