{
  "best_epoch": 166,
  "best_val_dice_during_training": 0.8469655593422245,
  "best_train_metrics": {
    "loss": 0.22459491261219378,
    "dice": 0.9079404235922871,
    "iou": 0.8314019154329695,
    "precision": 0.9016419136528215,
    "recall": 0.9143275503178804,
    "tp": 27900750.0,
    "fp": 3043630.0,
    "fn": 2614299.0,
    "tn": 962588521.0,
    "loss_boundary": 0.3467666208744049,
    "loss_rim": 0.017464205622673035,
    "wb": 0.2,
    "wr": 0.1
  },
  "best_val_metrics": {
    "loss": 0.3385925122669765,
    "dice": 0.8469655593422245,
    "iou": 0.7345535653376368,
    "precision": 0.8401686755980534,
    "recall": 0.8538733122785117,
    "tp": 3467156.0,
    "fp": 659582.0,
    "fn": 593348.0,
    "tn": 126351914.0,
    "loss_boundary": 0.3745245933532715,
    "loss_rim": 0.021276870742440224,
    "wb": 0.2,
    "wr": 0.1
  },
  "test_metrics": {
    "loss": 0.2784298320611318,
    "dice": 0.8823805946797114,
    "iou": 0.7895179615522798,
    "precision": 0.8813525319026214,
    "recall": 0.8834110586466524,
    "tp": 2728173.0,
    "fp": 367266.0,
    "fn": 360053.0,
    "tn": 90392060.0,
    "loss_boundary": 0.42611098289489746,
    "loss_rim": 0.01727883517742157,
    "wb": 0.2,
    "wr": 0.1
  }
}