{
  "loss": 0.23209146178718246,
  "dice": 0.8972086190724673,
  "iou": 0.8135796439738663,
  "precision": 0.8882142840283213,
  "recall": 0.9063869764718416,
  "tp": 27658443.0,
  "fp": 3480938.0,
  "fn": 2856606.0,
  "tn": 962151213.0,
  "wc": 0.15,
  "loss_component": 2.2116941522654088e-07
}