{
  "loss": 0.3211818228342703,
  "dice": 0.8473263306377501,
  "iou": 0.7350964571842699,
  "precision": 0.8402972722995178,
  "recall": 0.854473976629538,
  "tp": 3469595.0,
  "fp": 659414.0,
  "fn": 590909.0,
  "tn": 126352082.0,
  "wc": 0.15,
  "loss_component": 1.0230965585833474e-07
}