{
  "best_epoch": 163,
  "best_val_dice_during_training": 0.8473263306377501,
  "best_train_metrics": {
    "loss": 0.23209146178718246,
    "dice": 0.8972086190724673,
    "iou": 0.8135796439738663,
    "precision": 0.8882142840283213,
    "recall": 0.9063869764718416,
    "tp": 27658443.0,
    "fp": 3480938.0,
    "fn": 2856606.0,
    "tn": 962151213.0,
    "wc": 0.15,
    "loss_component": 2.2116941522654088e-07
  },
  "best_val_metrics": {
    "loss": 0.3211818228342703,
    "dice": 0.8473263306377501,
    "iou": 0.7350964571842699,
    "precision": 0.8402972722995178,
    "recall": 0.854473976629538,
    "tp": 3469595.0,
    "fp": 659414.0,
    "fn": 590909.0,
    "tn": 126352082.0,
    "wc": 0.15,
    "loss_component": 1.0230965585833474e-07
  },
  "test_metrics": {
    "loss": 0.2663584311803182,
    "dice": 0.8827373462025118,
    "iou": 0.7900893699455455,
    "precision": 0.8773880287155627,
    "recall": 0.8881522919631244,
    "tp": 2742815.0,
    "fp": 383299.0,
    "fn": 345411.0,
    "tn": 90376027.0,
    "wc": 0.15,
    "loss_component": 5.829043630001252e-07
  }
}