{
  "loss": 0.1277806787554774,
  "dice": 0.8989574188125622,
  "iou": 0.8272298606412268,
  "precision": 0.9035793473291849,
  "recall": 0.907758750844077
}