{
  "loss": 0.2752662892231629,
  "dice": 0.7886526630747885,
  "iou": 0.6905753687024117,
  "precision": 0.8393446568931852,
  "recall": 0.8017497449403718
}