{
  "num_cases": 358,
  "dice": 0.834129607706304,
  "iou": 0.7420361298824676,
  "precision": 0.8705790991160902,
  "recall": 0.8359049186044266
}