{
  "best_epoch": 48,
  "best_val_dice_during_training": 0.7886526630747885,
  "best_train_metrics": {
    "loss": 0.1277806787554774,
    "dice": 0.8989574188125622,
    "iou": 0.8272298606412268,
    "precision": 0.9035793473291849,
    "recall": 0.907758750844077
  },
  "best_val_metrics": {
    "loss": 0.2752662892231629,
    "dice": 0.7886526630747885,
    "iou": 0.6905753687024117,
    "precision": 0.8393446568931852,
    "recall": 0.8017497449403718
  },
  "test_metrics_batch_mean": {
    "loss": 0.21535227317363023,
    "dice": 0.8345458577076594,
    "iou": 0.7426127274831136,
    "precision": 0.8709870129823685,
    "recall": 0.836177971959114
  },
  "test_metrics_per_case_mean": {
    "num_cases": 358,
    "dice": 0.834129607706304,
    "iou": 0.7420361298824676,
    "precision": 0.8705790991160902,
    "recall": 0.8359049186044266
  }
}