{
  "loss": 0.22576070572471335,
  "dice": 0.82696219427245,
  "iou": 0.7320180393400646,
  "precision": 0.8428402174086798,
  "recall": 0.8460892793678102
}