{
  "loss": 0.1471258767701286,
  "dice": 0.8835588443542505,
  "iou": 0.8052138687120252,
  "precision": 0.8898287674041953,
  "recall": 0.8942805464711475
}