{
  "run_name": "resunet_cbsa_mkdc_auglite_e200_constlr_bs6",
  "num_cases": 358,
  "threshold": 0.5,
  "mean_dice": 0.8586757344366763,
  "mean_iou": 0.7699229634755287,
  "mean_precision": 0.8735284085341573,
  "mean_recall": 0.8708208187436499,
  "median_dice": 0.8970404166266128,
  "median_iou": 0.8133031060548758,
  "median_precision": 0.9143065338297269,
  "median_recall": 0.923375442954472,
  "module_name": "train_resunet_cbsa_mkdc_auglite_e200_constlr",
  "class_name": "ResNet34UNetCBSAMKDC",
  "checkpoint": "/share/home/u2515283028/caries_project/runs/resunet_cbsa_mkdc_auglite_e200_constlr_bs6/checkpoints/best.pth",
  "per_case_csv": "/share/home/u2515283028/caries_project/runs/resunet_cbsa_mkdc_auglite_e200_constlr_bs6/per_case_metrics.csv"
}