{
  "best_epoch": 177,
  "best_val_dice_during_training": 0.82696219427245,
  "best_train_metrics": {
    "loss": 0.1471258767701286,
    "dice": 0.8835588443542505,
    "iou": 0.8052138687120252,
    "precision": 0.8898287674041953,
    "recall": 0.8942805464711475
  },
  "best_val_metrics": {
    "loss": 0.22576070572471335,
    "dice": 0.82696219427245,
    "iou": 0.7320180393400646,
    "precision": 0.8428402174086798,
    "recall": 0.8460892793678102
  },
  "test_metrics": {
    "loss": 0.18162499455114206,
    "dice": 0.8590302169322968,
    "iou": 0.7704197227954864,
    "precision": 0.8738347788651785,
    "recall": 0.87107412815094
  }
}