{
  "loss": 0.11034251187196477,
  "dice": 0.9128752863181502,
  "iou": 0.848293205823056,
  "precision": 0.9129028105961412,
  "recall": 0.9219765726136109
}