{
  "loss": 0.268560917205399,
  "dice": 0.7936014391127086,
  "iou": 0.6930484856878009,
  "precision": 0.8309785368896666,
  "recall": 0.8121502903245744
}