{
  "run_name": "resunet_skipcbsa_e50_bs6",
  "num_cases": 358,
  "threshold": 0.5,
  "mean_dice": 0.8381966957865483,
  "mean_iou": 0.7454429619296309,
  "mean_precision": 0.8603998869936621,
  "mean_recall": 0.8489863345392216,
  "median_dice": 0.8917128010165303,
  "median_iou": 0.804587537053,
  "median_precision": 0.9165972863036237,
  "median_recall": 0.9135338109625966,
  "module_name": "train_resunet_skip_cbsa_blaspp_boundary",
  "class_name": "ResNet34UNetSkipCBSA",
  "checkpoint": "/share/home/u2515283028/caries_project/runs/resunet_skipcbsa_e50_bs6/checkpoints/best.pth",
  "per_case_csv": "/share/home/u2515283028/caries_project/runs/resunet_skipcbsa_e50_bs6/per_case_metrics.csv"
}