{
  "best_epoch": 43,
  "best_val_dice_during_training": 0.7936014391127086,
  "best_train_metrics": {
    "loss": 0.11034251187196477,
    "dice": 0.9128752863181502,
    "iou": 0.848293205823056,
    "precision": 0.9129028105961412,
    "recall": 0.9219765726136109
  },
  "best_val_metrics": {
    "loss": 0.268560917205399,
    "dice": 0.7936014391127086,
    "iou": 0.6930484856878009,
    "precision": 0.8309785368896666,
    "recall": 0.8121502903245744
  },
  "test_metrics": {
    "loss": 0.20780701090892156,
    "dice": 0.838704252243042,
    "iou": 0.7461382975180944,
    "precision": 0.8607592741648357,
    "recall": 0.8494651466608047
  }
}