{
  "loss": 0.3461293832709392,
  "dice": 0.8456630503289375,
  "iou": 0.7325963624138941,
  "precision": 0.8543209913775812,
  "recall": 0.8371788329724987,
  "tp": 3399368.0,
  "fp": 579661.0,
  "fn": 661136.0,
  "tn": 126431835.0,
  "loss_ms_boundary": 0.3331225514411926,
  "loss_ms_rim": 0.027386577799916267,
  "wmb": 0.05,
  "wmr": 0.025
}