{
  "loss": 0.22743997638251878,
  "dice": 0.9075336160071007,
  "iou": 0.8307199464482582,
  "precision": 0.9155356913684695,
  "recall": 0.8996702100372765,
  "tp": 27172886.0,
  "fp": 2506881.0,
  "fn": 3030277.0,
  "tn": 963437156.0,
  "loss_ms_boundary": 0.2660428583621979,
  "loss_ms_rim": 0.01116211898624897,
  "wmb": 0.05,
  "wmr": 0.025
}