{
  "best_epoch": 185,
  "best_val_dice_during_training": 0.8456630503289375,
  "best_train_metrics": {
    "loss": 0.22743997638251878,
    "dice": 0.9075336160071007,
    "iou": 0.8307199464482582,
    "precision": 0.9155356913684695,
    "recall": 0.8996702100372765,
    "tp": 27172886.0,
    "fp": 2506881.0,
    "fn": 3030277.0,
    "tn": 963437156.0,
    "loss_ms_boundary": 0.2660428583621979,
    "loss_ms_rim": 0.01116211898624897,
    "wmb": 0.05,
    "wmr": 0.025
  },
  "best_val_metrics": {
    "loss": 0.3461293832709392,
    "dice": 0.8456630503289375,
    "iou": 0.7325963624138941,
    "precision": 0.8543209913775812,
    "recall": 0.8371788329724987,
    "tp": 3399368.0,
    "fp": 579661.0,
    "fn": 661136.0,
    "tn": 126431835.0,
    "loss_ms_boundary": 0.3331225514411926,
    "loss_ms_rim": 0.027386577799916267,
    "wmb": 0.05,
    "wmr": 0.025
  },
  "test_metrics": {
    "loss": 0.2847832021613916,
    "dice": 0.8803772742420698,
    "iou": 0.7863160098381642,
    "precision": 0.8901307458225051,
    "recall": 0.8708352303232112,
    "tp": 2689336.0,
    "fp": 331946.0,
    "fn": 398890.0,
    "tn": 90427380.0,
    "loss_ms_boundary": 0.3417738676071167,
    "loss_ms_rim": 0.01980370655655861,
    "wmb": 0.05,
    "wmr": 0.025
  }
}