{
  "loss": 0.12249975836591953,
  "dice": 0.9036841081331957,
  "iou": 0.8347075819405095,
  "precision": 0.8990782416581355,
  "recall": 0.9203429390391341
}