{
  "loss": 0.2688831108223115,
  "dice": 0.7901639633235478,
  "iou": 0.6922922006675175,
  "precision": 0.8238137811422348,
  "recall": 0.8144581474009014
}