{
  "best_epoch": 30,
  "best_val_dice_during_training": 0.7901639633235478,
  "best_train_metrics": {
    "loss": 0.12249975836591953,
    "dice": 0.9036841081331957,
    "iou": 0.8347075819405095,
    "precision": 0.8990782416581355,
    "recall": 0.9203429390391341
  },
  "best_val_metrics": {
    "loss": 0.2688831108223115,
    "dice": 0.7901639633235478,
    "iou": 0.6922922006675175,
    "precision": 0.8238137811422348,
    "recall": 0.8144581474009014
  },
  "test_metrics": {
    "loss": 0.21195905158917108,
    "dice": 0.8349731653928757,
    "iou": 0.7433075611790021,
    "precision": 0.8586762656768163,
    "recall": 0.8515731016794841
  }
}