{
  "loss": 0.1052154606496122,
  "dice": 0.9165146028393827,
  "iou": 0.8534529005127375,
  "precision": 0.9144417986696827,
  "recall": 0.9260950327295611
}