{
  "loss": 0.258541479884159,
  "dice": 0.8007495694217228,
  "iou": 0.7005414192875227,
  "precision": 0.8247108594292686,
  "recall": 0.8220329320146924
}