{
  "best_epoch": 43,
  "best_val_dice_during_training": 0.8007495694217228,
  "best_train_metrics": {
    "loss": 0.1052154606496122,
    "dice": 0.9165146028393827,
    "iou": 0.8534529005127375,
    "precision": 0.9144417986696827,
    "recall": 0.9260950327295611
  },
  "best_val_metrics": {
    "loss": 0.258541479884159,
    "dice": 0.8007495694217228,
    "iou": 0.7005414192875227,
    "precision": 0.8247108594292686,
    "recall": 0.8220329320146924
  },
  "test_metrics": {
    "loss": 0.20665931329131126,
    "dice": 0.8381804664929707,
    "iou": 0.7458437293767929,
    "precision": 0.8548678467671077,
    "recall": 0.8541488528251648
  }
}