{
  "loss": 0.2278832311650932,
  "dice": 0.8967995163614977,
  "iou": 0.8129071095071825,
  "precision": 0.9028552850867199,
  "recall": 0.8908244427377402,
  "tp": 27190369.0,
  "fp": 2925608.0,
  "fn": 3332333.0,
  "tn": 962698890.0
}