{
  "loss": 0.3148269859098253,
  "dice": 0.8491780606055988,
  "iou": 0.7378883140275336,
  "precision": 0.8543515045278783,
  "recall": 0.84406689415899,
  "tp": 3427337.0,
  "fp": 584287.0,
  "fn": 633167.0,
  "tn": 126427209.0
}