{
  "run_name": "b12_tdr_rescue_auglite_e200_constlr_bs6",
  "num_cases": 358,
  "threshold": 0.5,
  "mean_dice": 0.8664486313064423,
  "mean_iou": 0.7804213837803329,
  "mean_precision": 0.8826399289838612,
  "mean_recall": 0.8704119787226465,
  "median_dice": 0.9030170210152113,
  "median_iou": 0.8231823449674178,
  "median_precision": 0.9193215791307643,
  "median_recall": 0.9190728526272608,
  "module_name": "train_resnet34_unet_brr_b12_tdr_e200",
  "class_name": "ResNet34UNetBRRB12TDR",
  "checkpoint": "/share/home/u2515283028/caries_project/runs/b12_tdr_rescue_auglite_e200_constlr_bs6/checkpoints/best.pth",
  "per_case_csv": "/share/home/u2515283028/caries_project/runs/b12_tdr_rescue_auglite_e200_constlr_bs6/per_case_metrics.csv"
}