{
  "best_epoch": 134,
  "best_val_dice_during_training": 0.8491780606055988,
  "best_train_metrics": {
    "loss": 0.2278832311650932,
    "dice": 0.8967995163614977,
    "iou": 0.8129071095071825,
    "precision": 0.9028552850867199,
    "recall": 0.8908244427377402,
    "tp": 27190369.0,
    "fp": 2925608.0,
    "fn": 3332333.0,
    "tn": 962698890.0
  },
  "best_val_metrics": {
    "loss": 0.3148269859098253,
    "dice": 0.8491780606055988,
    "iou": 0.7378883140275336,
    "precision": 0.8543515045278783,
    "recall": 0.84406689415899,
    "tp": 3427337.0,
    "fp": 584287.0,
    "fn": 633167.0,
    "tn": 126427209.0
  },
  "test_metrics": {
    "loss": 0.26094920784235,
    "dice": 0.8835061139546626,
    "iou": 0.7913219454197892,
    "precision": 0.8955730510284232,
    "recall": 0.8717600331064269,
    "tp": 2692192.0,
    "fp": 313919.0,
    "fn": 396034.0,
    "tn": 90445407.0
  },
  "model_parameters": 24446297,
  "trainable_parameters": 24446297,
  "tdr_parameters": 7810,
  "learned_tdr_scale": 0.7233191132545471
}