{
  "loss": 0.09634189479852136,
  "seg_loss": 0.07948917562394676,
  "edge_loss": 0.05617572816694008,
  "dice": 0.9458682509814903,
  "iou": 0.9010589477203622,
  "precision": 0.9408925187888582,
  "recall": 0.9547885580205767
}