{
  "loss": 0.36326206799241756,
  "seg_loss": 0.28346865841497976,
  "edge_loss": 0.26597802509509383,
  "dice": 0.796559289097786,
  "iou": 0.6984643024348077,
  "precision": 0.8400437370652244,
  "recall": 0.8073877933479491
}