{
  "run_name": "resnet34_unet3p_edge_brm_e50_bs6",
  "num_cases": 358,
  "threshold": 0.5,
  "mean_dice": 0.8403142652978131,
  "mean_iou": 0.7521939989042976,
  "mean_precision": 0.8823535570297218,
  "mean_recall": 0.8417613253659866,
  "median_dice": 0.8916568556709733,
  "median_iou": 0.8044953172526819,
  "median_precision": 0.9299491819791682,
  "median_recall": 0.9188126227850295,
  "module_name": "train_resnet34_unet3p_edge_brm",
  "class_name": "ResNet34UNet3PlusEdgeBRM",
  "checkpoint": "/share/home/u2515283028/caries_project/runs/resnet34_unet3p_edge_brm_e50_bs6/checkpoints/best.pth",
  "per_case_csv": "/share/home/u2515283028/caries_project/runs/resnet34_unet3p_edge_brm_e50_bs6/per_case_metrics.csv"
}