{
  "best_epoch": 45,
  "best_val_dice_during_training": 0.796559289097786,
  "best_train_metrics": {
    "loss": 0.09634189479852136,
    "seg_loss": 0.07948917562394676,
    "edge_loss": 0.05617572816694008,
    "dice": 0.9458682509814903,
    "iou": 0.9010589477203622,
    "precision": 0.9408925187888582,
    "recall": 0.9547885580205767
  },
  "best_val_metrics": {
    "loss": 0.36326206799241756,
    "seg_loss": 0.28346865841497976,
    "edge_loss": 0.26597802509509383,
    "dice": 0.796559289097786,
    "iou": 0.6984643024348077,
    "precision": 0.8400437370652244,
    "recall": 0.8073877933479491
  },
  "test_metrics": {
    "loss": 0.2880618438124657,
    "seg_loss": 0.2228037968277931,
    "edge_loss": 0.21752681415528058,
    "dice": 0.8408168355623881,
    "iou": 0.7528982490301133,
    "precision": 0.8827988177537918,
    "recall": 0.8421293546756109
  }
}