{
  "loss": 0.14981548693794933,
  "dice": 0.8820800383572323,
  "iou": 0.8023392169821526,
  "precision": 0.8880667916795809,
  "recall": 0.8920924358939523
}