{
  "loss": 0.26578549730281037,
  "dice": 0.791544011306195,
  "iou": 0.6917603611946106,
  "precision": 0.8380379918075743,
  "recall": 0.8049317942488761
}