{
  "best_epoch": 25,
  "best_val_dice_during_training": 0.791544011306195,
  "best_train_metrics": {
    "loss": 0.14981548693794933,
    "dice": 0.8820800383572323,
    "iou": 0.8023392169821526,
    "precision": 0.8880667916795809,
    "recall": 0.8920924358939523
  },
  "best_val_metrics": {
    "loss": 0.26578549730281037,
    "dice": 0.791544011306195,
    "iou": 0.6917603611946106,
    "precision": 0.8380379918075743,
    "recall": 0.8049317942488761
  },
  "test_metrics": {
    "loss": 0.21043285305301349,
    "dice": 0.8368133515119552,
    "iou": 0.742877097427845,
    "precision": 0.869285003344218,
    "recall": 0.8395018368959427
  }
}