{
  "loss": 0.12495972654467878,
  "dice": 0.9013568669651585,
  "iou": 0.8299361226686544,
  "precision": 0.8923199940179048,
  "recall": 0.9207877629562883
}