{
  "loss": 0.2583656362036154,
  "dice": 0.8002392103274664,
  "iou": 0.6977880760317757,
  "precision": 0.8137854664098649,
  "recall": 0.8323741973865599
}