{
  "run_name": "resunet_cbsa_tamosc_u5_e50_bs6",
  "num_cases": 358,
  "threshold": 0.5,
  "mean_dice": 0.8394051026296881,
  "mean_iou": 0.7442961648612938,
  "mean_precision": 0.8482355602415635,
  "mean_recall": 0.8605999359807944,
  "median_dice": 0.8849225414361875,
  "median_iou": 0.7935980282835788,
  "median_precision": 0.9018226925889623,
  "median_recall": 0.9201747323538827,
  "module_name": "train_resunet_cbsa_tamosc_u5",
  "class_name": "ResNet34UNetCBSATAMoSC",
  "checkpoint": "/share/home/u2515283028/caries_project/runs/resunet_cbsa_tamosc_u5_e50_bs6/checkpoints/best.pth",
  "per_case_csv": "/share/home/u2515283028/caries_project/runs/resunet_cbsa_tamosc_u5_e50_bs6/per_case_metrics.csv"
}