{
  "best_epoch": 31,
  "best_val_dice_during_training": 0.8002392103274664,
  "best_train_metrics": {
    "loss": 0.12495972654467878,
    "dice": 0.9013568669651585,
    "iou": 0.8299361226686544,
    "precision": 0.8923199940179048,
    "recall": 0.9207877629562883
  },
  "best_val_metrics": {
    "loss": 0.2583656362036154,
    "dice": 0.8002392103274664,
    "iou": 0.6977880760317757,
    "precision": 0.8137854664098649,
    "recall": 0.8323741973865599
  },
  "test_metrics": {
    "loss": 0.20628349296748638,
    "dice": 0.8395140866438547,
    "iou": 0.7445326606432597,
    "precision": 0.8485592087109883,
    "recall": 0.8604691604773204
  }
}