{
  "loss": 0.1296134087542066,
  "dice": 0.8972473641863381,
  "iou": 0.8238855406688967,
  "precision": 0.9003061273308582,
  "recall": 0.9059304236801641
}