{
  "loss": 0.22314384437742688,
  "dice": 0.8294826476346879,
  "iou": 0.7355989902502015,
  "precision": 0.8430801928043365,
  "recall": 0.8501959109590167
}