{
  "best_epoch": 236,
  "best_val_dice_during_training": 0.8294826476346879,
  "best_train_metrics": {
    "loss": 0.1296134087542066,
    "dice": 0.8972473641863381,
    "iou": 0.8238855406688967,
    "precision": 0.9003061273308582,
    "recall": 0.9059304236801641
  },
  "best_val_metrics": {
    "loss": 0.22314384437742688,
    "dice": 0.8294826476346879,
    "iou": 0.7355989902502015,
    "precision": 0.8430801928043365,
    "recall": 0.8501959109590167
  },
  "test_metrics": {
    "loss": 0.17075589826951423,
    "dice": 0.8680450439453125,
    "iou": 0.7813880374034246,
    "precision": 0.8798852274815242,
    "recall": 0.878272627790769
  }
}