{
  "loss": 0.21414749615764017,
  "dice": 0.9039108693830514,
  "iou": 0.8246691296667414,
  "precision": 0.904913766983993,
  "recall": 0.9029101923033537,
  "tp": 27474238.0,
  "fp": 2886929.0,
  "fn": 2954301.0,
  "tn": 962831732.0
}