{
  "loss": 0.31990672018201577,
  "dice": 0.8446093927216436,
  "iou": 0.7310163224463478,
  "precision": 0.8465176963850604,
  "recall": 0.8427096734789961,
  "tp": 3421826.0,
  "fp": 620412.0,
  "fn": 638678.0,
  "tn": 126391084.0
}