{
  "best_epoch": 170,
  "best_val_dice_during_training": 0.8446093927216436,
  "learned_wt_scale": 0.2941599190235138,
  "best_train_metrics": {
    "loss": 0.21414749615764017,
    "dice": 0.9039108693830514,
    "iou": 0.8246691296667414,
    "precision": 0.904913766983993,
    "recall": 0.9029101923033537,
    "tp": 27474238.0,
    "fp": 2886929.0,
    "fn": 2954301.0,
    "tn": 962831732.0
  },
  "best_val_metrics": {
    "loss": 0.31990672018201577,
    "dice": 0.8446093927216436,
    "iou": 0.7310163224463478,
    "precision": 0.8465176963850604,
    "recall": 0.8427096734789961,
    "tp": 3421826.0,
    "fp": 620412.0,
    "fn": 638678.0,
    "tn": 126391084.0
  },
  "test_metrics": {
    "loss": 0.26538465470075606,
    "dice": 0.8790019934718827,
    "iou": 0.7841244929545468,
    "precision": 0.8821356114720005,
    "recall": 0.8758905598230583,
    "tp": 2704948.0,
    "fp": 361415.0,
    "fn": 383278.0,
    "tn": 90397911.0
  }
}