{
  "loss": 0.3433566515644391,
  "seg_loss": 0.2801971450181944,
  "edge_loss": 0.21053168399348146,
  "dice": 0.7966308522792089,
  "iou": 0.6976901931422097,
  "precision": 0.8292423770541236,
  "recall": 0.8119134459467161
}