{
  "loss": 0.1263132071128403,
  "seg_loss": 0.10431587102614366,
  "edge_loss": 0.07332445001846609,
  "dice": 0.9247755441191821,
  "iou": 0.8655679364121674,
  "precision": 0.9172196732334534,
  "recall": 0.9387140765739164
}