{
  "best_epoch": 31,
  "best_val_dice_during_training": 0.7966308522792089,
  "best_train_metrics": {
    "loss": 0.1263132071128403,
    "seg_loss": 0.10431587102614366,
    "edge_loss": 0.07332445001846609,
    "dice": 0.9247755441191821,
    "iou": 0.8655679364121674,
    "precision": 0.9172196732334534,
    "recall": 0.9387140765739164
  },
  "best_val_metrics": {
    "loss": 0.3433566515644391,
    "seg_loss": 0.2801971450181944,
    "edge_loss": 0.21053168399348146,
    "dice": 0.7966308522792089,
    "iou": 0.6976901931422097,
    "precision": 0.8292423770541236,
    "recall": 0.8119134459467161
  },
  "test_metrics": {
    "loss": 0.26011527652541794,
    "seg_loss": 0.21200487663348516,
    "edge_loss": 0.1603679891054829,
    "dice": 0.8460559805234273,
    "iou": 0.7558323711156845,
    "precision": 0.8695640792449315,
    "recall": 0.8532622615496318
  }
}