{
  "loss": 0.3157337164240224,
  "dice": 0.8487904688835051,
  "iou": 0.7373031980202093,
  "precision": 0.8478000747911554,
  "recall": 0.8497831796250294,
  "tp": 3450548.0,
  "fp": 619454.0,
  "fn": 609956.0,
  "tn": 126392042.0
}