{
  "loss": 0.2146452355083983,
  "dice": 0.9016414431499719,
  "iou": 0.8208990019941972,
  "precision": 0.9017185326409317,
  "recall": 0.9015643668389186,
  "tp": 27426257.0,
  "fp": 2989284.0,
  "fn": 2994485.0,
  "tn": 962737174.0
}