{
  "best_epoch": 177,
  "best_val_dice_during_training": 0.8487904688835051,
  "best_train_metrics": {
    "loss": 0.2146452355083983,
    "dice": 0.9016414431499719,
    "iou": 0.8208990019941972,
    "precision": 0.9017185326409317,
    "recall": 0.9015643668389186,
    "tp": 27426257.0,
    "fp": 2989284.0,
    "fn": 2994485.0,
    "tn": 962737174.0
  },
  "best_val_metrics": {
    "loss": 0.3157337164240224,
    "dice": 0.8487904688835051,
    "iou": 0.7373031980202093,
    "precision": 0.8478000747911554,
    "recall": 0.8497831796250294,
    "tp": 3450548.0,
    "fp": 619454.0,
    "fn": 609956.0,
    "tn": 126392042.0
  },
  "test_metrics": {
    "loss": 0.26134438775479796,
    "dice": 0.881090245094243,
    "iou": 0.7874542528843085,
    "precision": 0.8843282742271048,
    "recall": 0.8778758419882878,
    "tp": 2711079.0,
    "fp": 354614.0,
    "fn": 377147.0,
    "tn": 90404712.0
  }
}