{
  "loss": 0.25759503963802544,
  "dice": 0.8028031999156588,
  "iou": 0.7009373967136655,
  "precision": 0.81480504182123,
  "recall": 0.8353522597324281
}