{
  "loss": 0.1320520237863816,
  "dice": 0.895356989621364,
  "iou": 0.8215307465487098,
  "precision": 0.8778174508257243,
  "recall": 0.9259254752837521
}