{
  "best_epoch": 32,
  "best_val_dice_during_training": 0.8028031999156588,
  "best_train_metrics": {
    "loss": 0.1320520237863816,
    "dice": 0.895356989621364,
    "iou": 0.8215307465487098,
    "precision": 0.8778174508257243,
    "recall": 0.9259254752837521
  },
  "best_val_metrics": {
    "loss": 0.25759503963802544,
    "dice": 0.8028031999156588,
    "iou": 0.7009373967136655,
    "precision": 0.81480504182123,
    "recall": 0.8353522597324281
  },
  "test_metrics": {
    "loss": 0.2046210461606582,
    "dice": 0.8409625450770061,
    "iou": 0.7461043854554494,
    "precision": 0.845670094092687,
    "recall": 0.867468187212944
  }
}