{
  "loss": 0.2277392525048483,
  "dice": 0.8232205119870958,
  "iou": 0.7284534616129739,
  "precision": 0.8362698760770616,
  "recall": 0.8463413914044698
}