{
  "loss": 0.145913350128507,
  "dice": 0.8841609537413444,
  "iou": 0.804979328571434,
  "precision": 0.8871809687900243,
  "recall": 0.8976544176554454
}