{
  "run_name": "resnet34_unet_auglite_e200_constlr_bs6",
  "num_cases": 358,
  "threshold": 0.5,
  "mean_dice": 0.8667412764797501,
  "mean_iou": 0.7785865342739919,
  "mean_precision": 0.8725417687497369,
  "mean_recall": 0.8814002273454028,
  "median_dice": 0.9025699624309262,
  "median_iou": 0.8224398117165674,
  "median_precision": 0.9097626501866204,
  "median_recall": 0.9245240784527994,
  "module_name": "train_resnet34_unet_auglite_e200_constlr",
  "class_name": "ResNet34UNetPlain",
  "checkpoint": "/share/home/u2515283028/caries_project/runs/resnet34_unet_auglite_e200_constlr_bs6/checkpoints/best.pth",
  "per_case_csv": "/share/home/u2515283028/caries_project/runs/resnet34_unet_auglite_e200_constlr_bs6/per_case_metrics.csv"
}