{
  "run_name": "resnet34_unet_auglite_e200_constlr_bs6",
  "num_cases": 358,
  "threshold": 0.5,
  "mean_dice": 0.8667343498225482,
  "mean_iou": 0.7785754220090966,
  "mean_precision": 0.8725342179321423,
  "mean_recall": 0.8813929814434391,
  "median_dice": 0.9025101036975374,
  "median_iou": 0.8223403571036151,
  "median_precision": 0.9096090665349261,
  "median_recall": 0.9246609147965286,
  "module_name": "train_resnet34_unet_auglite_e200_constlr",
  "class_name": "ResNet34UNetPlain",
  "checkpoint": "/share/home/u2515283028/caries_project/runs/resnet34_unet_auglite_e200_constlr_bs6/checkpoints/best.pth",
  "per_case_csv": "/share/home/u2515283028/caries_project/runs/resnet34_unet_auglite_e200_constlr_bs6/per_case_metrics.csv"
}