{
  "best_epoch": 178,
  "best_val_dice_during_training": 0.8232205119870958,
  "best_train_metrics": {
    "loss": 0.145913350128507,
    "dice": 0.8841609537413444,
    "iou": 0.804979328571434,
    "precision": 0.8871809687900243,
    "recall": 0.8976544176554454
  },
  "best_val_metrics": {
    "loss": 0.2277392525048483,
    "dice": 0.8232205119870958,
    "iou": 0.7284534616129739,
    "precision": 0.8362698760770616,
    "recall": 0.8463413914044698
  },
  "test_metrics": {
    "loss": 0.17006037247677644,
    "dice": 0.8670709361632665,
    "iou": 0.7790624330441157,
    "precision": 0.8728005578120549,
    "recall": 0.8817054271697998
  }
}