{
  "loss": 0.32104839632908505,
  "dice": 0.8497900486514943,
  "iou": 0.7388129859728939,
  "precision": 0.8512988688467586,
  "recall": 0.8482865673818205,
  "tp": 3444471.0,
  "fp": 601665.0,
  "fn": 616033.0,
  "tn": 126409831.0
}