{
  "loss": 0.17034388827130623,
  "dice": 0.9259430882918183,
  "iou": 0.8620987195354474,
  "precision": 0.9220327107569773,
  "recall": 0.9298867752276242,
  "tp": 28295799.0,
  "fp": 2392699.0,
  "fn": 2133496.0,
  "tn": 963325206.0
}