{
  "best_epoch": 253,
  "best_val_dice_during_training": 0.8497900486514943,
  "best_train_metrics": {
    "loss": 0.17034388827130623,
    "dice": 0.9259430882918183,
    "iou": 0.8620987195354474,
    "precision": 0.9220327107569773,
    "recall": 0.9298867752276242,
    "tp": 28295799.0,
    "fp": 2392699.0,
    "fn": 2133496.0,
    "tn": 963325206.0
  },
  "best_val_metrics": {
    "loss": 0.32104839632908505,
    "dice": 0.8497900486514943,
    "iou": 0.7388129859728939,
    "precision": 0.8512988688467586,
    "recall": 0.8482865673818205,
    "tp": 3444471.0,
    "fp": 601665.0,
    "fn": 616033.0,
    "tn": 126409831.0
  },
  "test_metrics": {
    "loss": 0.26274421215057375,
    "dice": 0.8809301109891707,
    "iou": 0.7871984758412892,
    "precision": 0.8866567823157963,
    "recall": 0.8752769389287328,
    "tp": 2703053.0,
    "fp": 345537.0,
    "fn": 385173.0,
    "tn": 90413789.0
  }
}