{
  "loss": 0.10886286884217232,
  "dice": 0.9142799480856405,
  "iou": 0.8505139776772881,
  "precision": 0.9127138624619986,
  "recall": 0.9247310294149802
}