{
  "loss": 0.26738145140310127,
  "dice": 0.7963426702079319,
  "iou": 0.694966811864149,
  "precision": 0.8225380678971609,
  "recall": 0.8146070745729265
}