{
  "best_epoch": 44,
  "best_val_dice_during_training": 0.7963426702079319,
  "best_train_metrics": {
    "loss": 0.10886286884217232,
    "dice": 0.9142799480856405,
    "iou": 0.8505139776772881,
    "precision": 0.9127138624619986,
    "recall": 0.9247310294149802
  },
  "best_val_metrics": {
    "loss": 0.26738145140310127,
    "dice": 0.7963426702079319,
    "iou": 0.694966811864149,
    "precision": 0.8225380678971609,
    "recall": 0.8146070745729265
  },
  "test_metrics": {
    "loss": 0.21027093331019084,
    "dice": 0.8381756633520127,
    "iou": 0.7450659920771917,
    "precision": 0.8600581824779511,
    "recall": 0.8510590841372808
  }
}