{
  "loss": 0.24554845752815405,
  "dice": 0.8066386452742985,
  "iou": 0.7019398453689757,
  "precision": 0.8274075459866297,
  "recall": 0.8230905717327481
}