{
  "loss": 0.2624192730838004,
  "dice": 0.7933344165986495,
  "iou": 0.6906685682972373,
  "precision": 0.8229464792679764,
  "recall": 0.8163351855631507
}