{
  "best_epoch": 92,
  "best_val_dice_during_training": 0.8066386452742985,
  "best_train_metrics": {
    "loss": 0.2624192730838004,
    "dice": 0.7933344165986495,
    "iou": 0.6906685682972373,
    "precision": 0.8229464792679764,
    "recall": 0.8163351855631507
  },
  "best_val_metrics": {
    "loss": 0.24554845752815405,
    "dice": 0.8066386452742985,
    "iou": 0.7019398453689757,
    "precision": 0.8274075459866297,
    "recall": 0.8230905717327481
  },
  "test_metrics": {
    "loss": 0.20153515053292115,
    "dice": 0.8415919651587804,
    "iou": 0.7432897408803304,
    "precision": 0.8602110842863718,
    "recall": 0.8493250568707784
  }
}