{
  "loss": 0.23121482793135975,
  "final_loss": 0.1314920997158962,
  "aux256_loss": 0.13229017206452998,
  "aux128_loss": 0.13431057000197824,
  "dice": 0.8960955692014484,
  "iou": 0.8227491940985718,
  "precision": 0.8915636859105589,
  "recall": 0.9141659463993759
}