{
  "loss": 0.45045336956779164,
  "final_loss": 0.2575268068661292,
  "aux256_loss": 0.25632328464693965,
  "aux128_loss": 0.25905968124667805,
  "dice": 0.8021695454205785,
  "iou": 0.7023509598913646,
  "precision": 0.8344344759271258,
  "recall": 0.8197850230194274
}