{
  "run_name": "resunet_cbsa_mkdc_ds1_e50_bs6",
  "num_cases": 358,
  "threshold": 0.5,
  "mean_dice": 0.840599036717445,
  "mean_iou": 0.7466543976466545,
  "mean_precision": 0.8539576332553989,
  "mean_recall": 0.8566155869919595,
  "median_dice": 0.8871694079545047,
  "median_iou": 0.7972188136571485,
  "median_precision": 0.906144171768746,
  "median_recall": 0.9173681260358717,
  "module_name": "train_resunet_cbsa_mkdc_ds1",
  "class_name": "ResNet34UNetDS1CBSAMKDC",
  "checkpoint": "/share/home/u2515283028/caries_project/runs/resunet_cbsa_mkdc_ds1_e50_bs6/checkpoints/best.pth",
  "per_case_csv": "/share/home/u2515283028/caries_project/runs/resunet_cbsa_mkdc_ds1_e50_bs6/per_case_metrics.csv"
}