{
  "best_epoch": 32,
  "best_val_dice_during_training": 0.8021695454205785,
  "best_train_metrics": {
    "loss": 0.23121482793135975,
    "final_loss": 0.1314920997158962,
    "aux256_loss": 0.13229017206452998,
    "aux128_loss": 0.13431057000197824,
    "dice": 0.8960955692014484,
    "iou": 0.8227491940985718,
    "precision": 0.8915636859105589,
    "recall": 0.9141659463993759
  },
  "best_val_metrics": {
    "loss": 0.45045336956779164,
    "final_loss": 0.2575268068661292,
    "aux256_loss": 0.25632328464693965,
    "aux128_loss": 0.25905968124667805,
    "dice": 0.8021695454205785,
    "iou": 0.7023509598913646,
    "precision": 0.8344344759271258,
    "recall": 0.8197850230194274
  },
  "test_metrics": {
    "loss": 0.35911244377493856,
    "final_loss": 0.20507602368791897,
    "aux256_loss": 0.20458591605226198,
    "aux128_loss": 0.20697385321060816,
    "dice": 0.8410832057396571,
    "iou": 0.7473343809445699,
    "precision": 0.8543117205301921,
    "recall": 0.8570734580357869
  }
}