{
  "loss": 0.21547497291858264,
  "dice": 0.9039247873066943,
  "iou": 0.8246922992497465,
  "precision": 0.9060068132345221,
  "recall": 0.9018523085327982,
  "tp": 27343629.0,
  "fp": 2836750.0,
  "fn": 2975780.0,
  "tn": 962991041.0
}