{
  "loss": 0.3183896013846,
  "dice": 0.8468949771915043,
  "iou": 0.7344473924229769,
  "precision": 0.8485848454788322,
  "recall": 0.8452118259211553,
  "tp": 3431986.0,
  "fp": 612378.0,
  "fn": 628518.0,
  "tn": 126399118.0
}