{
  "best_epoch": 167,
  "best_val_dice_during_training": 0.8468949771915043,
  "best_train_metrics": {
    "loss": 0.21547497291858264,
    "dice": 0.9039247873066943,
    "iou": 0.8246922992497465,
    "precision": 0.9060068132345221,
    "recall": 0.9018523085327982,
    "tp": 27343629.0,
    "fp": 2836750.0,
    "fn": 2975780.0,
    "tn": 962991041.0
  },
  "best_val_metrics": {
    "loss": 0.3183896013846,
    "dice": 0.8468949771915043,
    "iou": 0.7344473924229769,
    "precision": 0.8485848454788322,
    "recall": 0.8452118259211553,
    "tp": 3431986.0,
    "fp": 612378.0,
    "fn": 628518.0,
    "tn": 126399118.0
  },
  "test_metrics": {
    "loss": 0.25745811114708583,
    "dice": 0.8832498743218465,
    "iou": 0.7909109244877154,
    "precision": 0.8904721816507927,
    "recall": 0.8761437796327484,
    "tp": 2705730.0,
    "fp": 332804.0,
    "fn": 382496.0,
    "tn": 90426522.0
  }
}