{
  "loss": 0.045277923218905926,
  "dice": 0.6933985586115703,
  "iou": 0.5306886527500002,
  "mean_iou": 0.7565971363354302,
  "precision": 0.7767826428592622,
  "recall": 0.6261808878898713,
  "specificity": 0.9942473868664613,
  "accuracy": 0.9828449859619142,
  "tp": 2542610.0,
  "fp": 730648.0,
  "fn": 1517894.0,
  "tn": 126280848.0
}