{
  "loss": 0.04343211021911549,
  "dice": 0.6908556589090352,
  "iou": 0.5277154223752937,
  "mean_iou": 0.7553845942052598,
  "precision": 0.7799982353681861,
  "recall": 0.619998724614294,
  "specificity": 0.9945965462282556,
  "accuracy": 0.9833686828613282,
  "tp": 18511695.0,
  "fp": 5221301.0,
  "fn": 11345939.0,
  "tn": 961068265.0
}