{
  "num_cases": 358,
  "dice": {
    "mean": 0.6229679671184168,
    "std": 0.2642873148834359,
    "median": 0.7095618247129638
  },
  "iou": {
    "mean": 0.49986324978520974,
    "std": 0.25171012000266557,
    "median": 0.5498614727380382
  },
  "mean_iou": {
    "mean": 0.7412763242311692,
    "std": 0.12779333052569816,
    "median": 0.765082574964726
  },
  "precision": {
    "mean": 0.8074436222772592,
    "std": 0.19406314109024103,
    "median": 0.8639107143623467
  },
  "recall": {
    "mean": 0.6008750864050296,
    "std": 0.3090664165850168,
    "median": 0.7066407776759535
  },
  "specificity": {
    "mean": 0.9944036788253481,
    "std": 0.007156184533428818,
    "median": 0.9967526149405996
  },
  "accuracy": {
    "mean": 0.9831446642316897,
    "std": 0.012913804444295273,
    "median": 0.9868354797363783
  }
}