{
  "best_epoch": 31,
  "best_global_step": 29450,
  "checkpoint_selection": {
    "metric": "mean_iou",
    "mode": "max",
    "best_value_during_training": 0.7565971363354302
  },
  "stopped_early": false,
  "completed_global_steps": 30000,
  "best_train_metrics": {
    "loss": 0.04343211021911549,
    "dice": 0.6908556589090352,
    "iou": 0.5277154223752937,
    "mean_iou": 0.7553845942052598,
    "precision": 0.7799982353681861,
    "recall": 0.619998724614294,
    "specificity": 0.9945965462282556,
    "accuracy": 0.9833686828613282,
    "tp": 18511695.0,
    "fp": 5221301.0,
    "fn": 11345939.0,
    "tn": 961068265.0
  },
  "best_val_metrics": {
    "loss": 0.045277923218905926,
    "dice": 0.6933985586115703,
    "iou": 0.5306886527500002,
    "mean_iou": 0.7565971363354302,
    "precision": 0.7767826428592622,
    "recall": 0.6261808878898713,
    "specificity": 0.9942473868664613,
    "accuracy": 0.9828449859619142,
    "tp": 2542610.0,
    "fp": 730648.0,
    "fn": 1517894.0,
    "tn": 126280848.0
  },
  "test_metrics": {
    "loss": 0.04308026532332102,
    "dice": 0.717523846055268,
    "iou": 0.5594831871519291,
    "mean_iou": 0.7711295653933268,
    "precision": 0.7998811141034667,
    "recall": 0.6505427387763556,
    "specificity": 0.9944619575513376,
    "accuracy": 0.9831446642316255,
    "tp": 2009023.0,
    "fp": 502629.0,
    "fn": 1079203.0,
    "tn": 90256697.0
  }
}