{
  "loss": 0.22959726101686526,
  "dice": 0.8953326313053934,
  "iou": 0.8104997546577462,
  "precision": 0.8929283003257021,
  "recall": 0.8977499452202116,
  "tp": 27196453.0,
  "fp": 3261147.0,
  "fn": 3097565.0,
  "tn": 962592035.0
}