{
  "loss": 0.3144289233854839,
  "dice": 0.8487311594049568,
  "iou": 0.7372136980327851,
  "precision": 0.8440726787710646,
  "recall": 0.8534413461974539,
  "tp": 3465402.0,
  "fp": 640171.0,
  "fn": 595102.0,
  "tn": 126371325.0
}