{
  "run_name": "b8b_b2_context_bottleneck_auglite_e260_constlr_bs6",
  "num_cases": 358,
  "threshold": 0.5,
  "mean_dice": 0.8682594491346484,
  "mean_iou": 0.7806587936989572,
  "mean_precision": 0.8698800202807264,
  "mean_recall": 0.8859995177463886,
  "median_dice": 0.9033414504940145,
  "median_iou": 0.8237217725218319,
  "median_precision": 0.9041665845217121,
  "median_recall": 0.9309318195967315,
  "module_name": "train_resnet34_unet_brr_b8b_context_e200",
  "class_name": "ResNet34UNetBRRB8BContext",
  "checkpoint": "/share/home/u2515283028/caries_project/runs/b8b_b2_context_bottleneck_auglite_e260_constlr_bs6/checkpoints/best.pth",
  "per_case_csv": "/share/home/u2515283028/caries_project/runs/b8b_b2_context_bottleneck_auglite_e260_constlr_bs6/per_case_metrics.csv"
}