{
  "best_epoch": 137,
  "best_val_dice_during_training": 0.8487311594049568,
  "best_train_metrics": {
    "loss": 0.22959726101686526,
    "dice": 0.8953326313053934,
    "iou": 0.8104997546577462,
    "precision": 0.8929283003257021,
    "recall": 0.8977499452202116,
    "tp": 27196453.0,
    "fp": 3261147.0,
    "fn": 3097565.0,
    "tn": 962592035.0
  },
  "best_val_metrics": {
    "loss": 0.3144289233854839,
    "dice": 0.8487311594049568,
    "iou": 0.7372136980327851,
    "precision": 0.8440726787710646,
    "recall": 0.8534413461974539,
    "tp": 3465402.0,
    "fp": 640171.0,
    "fn": 595102.0,
    "tn": 126371325.0
  },
  "test_metrics": {
    "loss": 0.25815673532585304,
    "dice": 0.8802415969955801,
    "iou": 0.7860995681156234,
    "precision": 0.8755103250224229,
    "recall": 0.8850242825493067,
    "tp": 2733155.0,
    "fp": 388630.0,
    "fn": 355071.0,
    "tn": 90370696.0
  }
}