{
  "loss": 0.12388024204748474,
  "dice": 0.9097159198405991,
  "iou": 0.8431522324446248,
  "precision": 0.910328304259935,
  "recall": 0.9187354505626185
}