{
  "loss": 0.25745717387291644,
  "dice": 0.809763158361117,
  "iou": 0.7120563054368609,
  "precision": 0.8333101769288381,
  "recall": 0.8280340667281832
}