{
  "best_epoch": 28,
  "best_val_dice_during_training": 0.809763158361117,
  "best_train_metrics": {
    "loss": 0.12388024204748474,
    "dice": 0.9097159198405991,
    "iou": 0.8431522324446248,
    "precision": 0.910328304259935,
    "recall": 0.9187354505626185
  },
  "best_val_metrics": {
    "loss": 0.25745717387291644,
    "dice": 0.809763158361117,
    "iou": 0.7120563054368609,
    "precision": 0.8333101769288381,
    "recall": 0.8280340667281832
  },
  "test_metrics": {
    "loss": 0.213292529185613,
    "dice": 0.8405065606037776,
    "iou": 0.749169385433197,
    "precision": 0.8525174925724666,
    "recall": 0.8569870183865229
  }
}