{
  "loss": 0.2812147902413493,
  "dice": 0.7971968430848348,
  "iou": 0.6978110575250217,
  "precision": 0.8320615696055549,
  "recall": 0.8130042006572088
}