{
  "loss": 0.08461049408872233,
  "dice": 0.9396194596583911,
  "iou": 0.8908721727527654,
  "precision": 0.9363742075884004,
  "recall": 0.9478269303070634
}