{
  "best_epoch": 48,
  "best_val_dice_during_training": 0.7971968430848348,
  "best_train_metrics": {
    "loss": 0.08461049408872233,
    "dice": 0.9396194596583911,
    "iou": 0.8908721727527654,
    "precision": 0.9363742075884004,
    "recall": 0.9478269303070634
  },
  "best_val_metrics": {
    "loss": 0.2812147902413493,
    "dice": 0.7971968430848348,
    "iou": 0.6978110575250217,
    "precision": 0.8320615696055549,
    "recall": 0.8130042006572088
  },
  "test_metrics": {
    "loss": 0.21416665570189555,
    "dice": 0.8452331274747849,
    "iou": 0.7562471677859625,
    "precision": 0.8731260508298874,
    "recall": 0.8513496865828832
  }
}