{
  "loss": 0.2089331009974615,
  "loss_distance": 0.0009177176721856051,
  "wd": 0.050000000000000495,
  "dice": 0.907355236021388,
  "iou": 0.8304210718197812,
  "precision": 0.902229617070775,
  "recall": 0.9125394255940992,
  "tp": 27747840.0,
  "fp": 3006903.0,
  "fn": 2659438.0,
  "tn": 962733019.0
}