{
  "loss": 0.3183091029170014,
  "loss_distance": 0.001721283404809323,
  "wd": 0.04999999999999992,
  "dice": 0.8481520637857549,
  "iou": 0.7363403077088378,
  "precision": 0.8428558782214545,
  "recall": 0.8535152286514547,
  "tp": 3465702.0,
  "fp": 646154.0,
  "fn": 594802.0,
  "tn": 126365342.0
}