{
  "run_name": "b20_dmr_auglite_e200_constlr_bs6",
  "num_cases": 358,
  "threshold": 0.5,
  "mean_dice": 0.8662605647102937,
  "mean_iou": 0.7789473265651158,
  "mean_precision": 0.8725630685195748,
  "mean_recall": 0.8813290705900209,
  "median_dice": 0.9017967529654443,
  "median_iou": 0.8211565213729461,
  "median_precision": 0.9096536565378583,
  "median_recall": 0.9319623026096692,
  "module_name": "train_resnet34_unet_brr_b20_dmr_e200",
  "class_name": "ResNet34UNetBRRB20DMR",
  "checkpoint": "/share/home/u2515283028/caries_project/runs/b20_dmr_auglite_e200_constlr_bs6/checkpoints/best.pth",
  "per_case_csv": "/share/home/u2515283028/caries_project/runs/b20_dmr_auglite_e200_constlr_bs6/per_case_metrics.csv"
}