{
  "best_epoch": 174,
  "best_val_dice_during_training": 0.8481520637857549,
  "best_train_metrics": {
    "loss": 0.2089331009974615,
    "loss_distance": 0.0009177176721856051,
    "wd": 0.050000000000000495,
    "dice": 0.907355236021388,
    "iou": 0.8304210718197812,
    "precision": 0.902229617070775,
    "recall": 0.9125394255940992,
    "tp": 27747840.0,
    "fp": 3006903.0,
    "fn": 2659438.0,
    "tn": 962733019.0
  },
  "best_val_metrics": {
    "loss": 0.3183091029170014,
    "loss_distance": 0.001721283404809323,
    "wd": 0.04999999999999992,
    "dice": 0.8481520637857549,
    "iou": 0.7363403077088378,
    "precision": 0.8428558782214545,
    "recall": 0.8535152286514547,
    "tp": 3465702.0,
    "fp": 646154.0,
    "fn": 594802.0,
    "tn": 126365342.0
  },
  "test_metrics": {
    "loss": 0.26235957915584246,
    "loss_distance": 0.0013459565607869687,
    "wd": 0.049999999999999954,
    "dice": 0.8806051052054267,
    "iou": 0.7866795795661247,
    "precision": 0.884034725719006,
    "recall": 0.8772019923412738,
    "tp": 2708998.0,
    "fp": 355359.0,
    "fn": 379228.0,
    "tn": 90403967.0
  }
}