{
  "loss": 0.2269155467487284,
  "dice": 0.8972275784902342,
  "iou": 0.813610823946681,
  "precision": 0.902893426655603,
  "recall": 0.8916323956877629,
  "tp": 27144969.0,
  "fp": 2919453.0,
  "fn": 3299157.0,
  "tn": 962783621.0
}