{
  "loss": 0.3205247436250959,
  "dice": 0.8464026826611507,
  "iou": 0.733707221696466,
  "precision": 0.8517019226549685,
  "recall": 0.8411689780382334,
  "tp": 3415570.0,
  "fp": 594718.0,
  "fn": 644934.0,
  "tn": 126416778.0
}