{
  "best_epoch": 163,
  "best_val_dice_during_training": 0.8464026826611507,
  "best_train_metrics": {
    "loss": 0.2269155467487284,
    "dice": 0.8972275784902342,
    "iou": 0.813610823946681,
    "precision": 0.902893426655603,
    "recall": 0.8916323956877629,
    "tp": 27144969.0,
    "fp": 2919453.0,
    "fn": 3299157.0,
    "tn": 962783621.0
  },
  "best_val_metrics": {
    "loss": 0.3205247436250959,
    "dice": 0.8464026826611507,
    "iou": 0.733707221696466,
    "precision": 0.8517019226549685,
    "recall": 0.8411689780382334,
    "tp": 3415570.0,
    "fp": 594718.0,
    "fn": 644934.0,
    "tn": 126416778.0
  },
  "test_metrics": {
    "loss": 0.2646752546230952,
    "dice": 0.8745054021622592,
    "iou": 0.776996534539005,
    "precision": 0.8834844361609526,
    "recall": 0.8657070434612409,
    "tp": 2673499.0,
    "fp": 352586.0,
    "fn": 414727.0,
    "tn": 90406740.0
  }
}