{
  "loss": 0.32364411816178335,
  "seg_loss": 0.2708157967066481,
  "edge_loss": 0.17609439994252862,
  "dice": 0.8014898129871914,
  "iou": 0.7039442002063706,
  "precision": 0.8265309773740315,
  "recall": 0.8240987672692254
}