{
  "loss": 0.12600908978410325,
  "seg_loss": 0.10371294989006752,
  "edge_loss": 0.07432046326388508,
  "dice": 0.927515670610151,
  "iou": 0.8700230761845406,
  "precision": 0.9180742174104938,
  "recall": 0.9430258855082635
}