{
  "best_epoch": 34,
  "best_val_dice_during_training": 0.8014898129871914,
  "best_train_metrics": {
    "loss": 0.12600908978410325,
    "seg_loss": 0.10371294989006752,
    "edge_loss": 0.07432046326388508,
    "dice": 0.927515670610151,
    "iou": 0.8700230761845406,
    "precision": 0.9180742174104938,
    "recall": 0.9430258855082635
  },
  "best_val_metrics": {
    "loss": 0.32364411816178335,
    "seg_loss": 0.2708157967066481,
    "edge_loss": 0.17609439994252862,
    "dice": 0.8014898129871914,
    "iou": 0.7039442002063706,
    "precision": 0.8265309773740315,
    "recall": 0.8240987672692254
  },
  "test_metrics": {
    "loss": 0.25814440523584686,
    "seg_loss": 0.21418770216405392,
    "edge_loss": 0.14652233657737573,
    "dice": 0.8431327392657598,
    "iou": 0.7528643161058426,
    "precision": 0.8604820321003596,
    "recall": 0.8566744407018025
  }
}