{
  "loss": 0.2167444530909746,
  "loss_comp": 0.03431697396317241,
  "lambda_comp": 0.029999999999999943,
  "dice": 0.9034193629793797,
  "iou": 0.8238512814105021,
  "precision": 0.9056356905343389,
  "recall": 0.9012138568088192,
  "tp": 27500585.0,
  "fp": 2865472.0,
  "fn": 3014464.0,
  "tn": 962766679.0
}