{
  "loss": 0.3232603892683983,
  "loss_comp": 0.05418916326471231,
  "lambda_comp": 0.029999999999999978,
  "dice": 0.8467612058104016,
  "iou": 0.7342462030211779,
  "precision": 0.8499389864758276,
  "recall": 0.8436070990202587,
  "tp": 3425470.0,
  "fp": 604784.0,
  "fn": 635034.0,
  "tn": 126406712.0
}