{
  "run_name": "b27_comp_topk_auglite_e200_constlr_bs6",
  "num_cases": 358,
  "threshold": 0.5,
  "mean_dice": 0.8614176731656241,
  "mean_iou": 0.7729499673783243,
  "mean_precision": 0.8703092426750942,
  "mean_recall": 0.8774006612307663,
  "median_dice": 0.8983418677025047,
  "median_iou": 0.8154452651654889,
  "median_precision": 0.9189372947524868,
  "median_recall": 0.9256238562048933,
  "module_name": "train_resnet34_unet_brr_b27_comp_topk_e200",
  "class_name": "ResNet34UNetBRRB27CompTopK",
  "checkpoint": "/share/home/u2515283028/caries_project/runs/b27_comp_topk_auglite_e200_constlr_bs6/checkpoints/best.pth",
  "per_case_csv": "/share/home/u2515283028/caries_project/runs/b27_comp_topk_auglite_e200_constlr_bs6/per_case_metrics.csv"
}