{
  "best_epoch": 165,
  "best_val_dice_during_training": 0.8467612058104016,
  "best_train_metrics": {
    "loss": 0.2167444530909746,
    "loss_comp": 0.03431697396317241,
    "lambda_comp": 0.029999999999999943,
    "dice": 0.9034193629793797,
    "iou": 0.8238512814105021,
    "precision": 0.9056356905343389,
    "recall": 0.9012138568088192,
    "tp": 27500585.0,
    "fp": 2865472.0,
    "fn": 3014464.0,
    "tn": 962766679.0
  },
  "best_val_metrics": {
    "loss": 0.3232603892683983,
    "loss_comp": 0.05418916326471231,
    "lambda_comp": 0.029999999999999978,
    "dice": 0.8467612058104016,
    "iou": 0.7342462030211779,
    "precision": 0.8499389864758276,
    "recall": 0.8436070990202587,
    "tp": 3425470.0,
    "fp": 604784.0,
    "fn": 635034.0,
    "tn": 126406712.0
  },
  "test_metrics": {
    "loss": 0.2670880172401667,
    "loss_comp": 0.03322208390212656,
    "lambda_comp": 0.030000000000000023,
    "dice": 0.8796348962131048,
    "iou": 0.7851323584070278,
    "precision": 0.8816750472598172,
    "recall": 0.8776041649801932,
    "tp": 2710240.0,
    "fp": 363727.0,
    "fn": 377986.0,
    "tn": 90395599.0
  }
}