{
  "loss": 0.21168183082896827,
  "dice": 0.9054360238004455,
  "iou": 0.8272116052496273,
  "precision": 0.9042959617667742,
  "recall": 0.9065789640557891,
  "tp": 27592534.0,
  "fp": 2920191.0,
  "fn": 2843352.0,
  "tn": 962791123.0
}