{
  "loss": 0.32009947424133617,
  "dice": 0.8474129591987878,
  "iou": 0.7352268672132108,
  "precision": 0.850530595942079,
  "recall": 0.8443180945025927,
  "tp": 3428357.0,
  "fp": 602488.0,
  "fn": 632147.0,
  "tn": 126409008.0
}