{
  "best_epoch": 190,
  "best_val_dice_during_training": 0.8474129591987878,
  "best_train_metrics": {
    "loss": 0.21168183082896827,
    "dice": 0.9054360238004455,
    "iou": 0.8272116052496273,
    "precision": 0.9042959617667742,
    "recall": 0.9065789640557891,
    "tp": 27592534.0,
    "fp": 2920191.0,
    "fn": 2843352.0,
    "tn": 962791123.0
  },
  "best_val_metrics": {
    "loss": 0.32009947424133617,
    "dice": 0.8474129591987878,
    "iou": 0.7352268672132108,
    "precision": 0.850530595942079,
    "recall": 0.8443180945025927,
    "tp": 3428357.0,
    "fp": 602488.0,
    "fn": 632147.0,
    "tn": 126409008.0
  },
  "test_metrics": {
    "loss": 0.25881320536136626,
    "dice": 0.8819697398906599,
    "iou": 0.7888603478446461,
    "precision": 0.8874066376780133,
    "recall": 0.876599057193393,
    "tp": 2707136.0,
    "fp": 343479.0,
    "fn": 381090.0,
    "tn": 90415847.0
  }
}