{
  "loss": 0.3143265824764967,
  "dice": 0.850219690587557,
  "iou": 0.7394627335565223,
  "precision": 0.8564618326410044,
  "recall": 0.8440678792583768,
  "tp": 3427341.0,
  "fp": 574403.0,
  "fn": 633163.0,
  "tn": 126437093.0
}