{
  "loss": 0.20719274494221157,
  "dice": 0.9076295751576008,
  "iou": 0.8308807658249728,
  "precision": 0.9161087689621432,
  "recall": 0.8993059030134556,
  "tp": 27311369.0,
  "fp": 2500996.0,
  "fn": 3058018.0,
  "tn": 963276817.0
}