{
  "best_epoch": 199,
  "best_val_dice_during_training": 0.850219690587557,
  "best_train_metrics": {
    "loss": 0.20719274494221157,
    "dice": 0.9076295751576008,
    "iou": 0.8308807658249728,
    "precision": 0.9161087689621432,
    "recall": 0.8993059030134556,
    "tp": 27311369.0,
    "fp": 2500996.0,
    "fn": 3058018.0,
    "tn": 963276817.0
  },
  "best_val_metrics": {
    "loss": 0.3143265824764967,
    "dice": 0.850219690587557,
    "iou": 0.7394627335565223,
    "precision": 0.8564618326410044,
    "recall": 0.8440678792583768,
    "tp": 3427341.0,
    "fp": 574403.0,
    "fn": 633163.0,
    "tn": 126437093.0
  },
  "test_metrics": {
    "loss": 0.25233230578402677,
    "dice": 0.886931697431213,
    "iou": 0.7968349250305191,
    "precision": 0.9020423812099247,
    "recall": 0.8723189300265355,
    "tp": 2693918.0,
    "fp": 292547.0,
    "fn": 394308.0,
    "tn": 90466779.0
  }
}