{
  "loss": 0.22020388537964986,
  "dice": 0.9016573117900268,
  "iou": 0.820925309986365,
  "precision": 0.8986334638679208,
  "recall": 0.9047015785555546,
  "tp": 27607013.0,
  "fp": 3114092.0,
  "fn": 2908036.0,
  "tn": 962518059.0
}