{
  "loss": 0.30874279230123475,
  "dice": 0.8521194375421222,
  "iou": 0.742341551387166,
  "precision": 0.8500781362590845,
  "recall": 0.8541705660184415,
  "tp": 3468363.0,
  "fp": 611689.0,
  "fn": 592141.0,
  "tn": 126399807.0
}