{
  "best_epoch": 137,
  "best_val_dice_during_training": 0.8521194375421222,
  "best_train_metrics": {
    "loss": 0.22020388537964986,
    "dice": 0.9016573117900268,
    "iou": 0.820925309986365,
    "precision": 0.8986334638679208,
    "recall": 0.9047015785555546,
    "tp": 27607013.0,
    "fp": 3114092.0,
    "fn": 2908036.0,
    "tn": 962518059.0
  },
  "best_val_metrics": {
    "loss": 0.30874279230123475,
    "dice": 0.8521194375421222,
    "iou": 0.742341551387166,
    "precision": 0.8500781362590845,
    "recall": 0.8541705660184415,
    "tp": 3468363.0,
    "fp": 611689.0,
    "fn": 592141.0,
    "tn": 126399807.0
  },
  "test_metrics": {
    "loss": 0.2516871716827154,
    "dice": 0.8841529634413181,
    "iou": 0.7923603634492015,
    "precision": 0.8822700194361959,
    "recall": 0.8860439618085315,
    "tp": 2736304.0,
    "fp": 365132.0,
    "fn": 351922.0,
    "tn": 90394194.0
  },
  "ema_decay": 0.999,
  "model_parameters": 24438487,
  "trainable_parameters": 24438487
}