{
  "loss": 0.2717639266380242,
  "dice": 0.7875403761863708,
  "iou": 0.68459293423664,
  "precision": 0.8092610367706844,
  "recall": 0.8198503461622056
}