{
  "loss": 0.16381995466887386,
  "dice": 0.8812890296290725,
  "iou": 0.8068710616334379,
  "precision": 0.8828279618585148,
  "recall": 0.904636826330931
}