{
  "num_cases": 358,
  "mean_dice": 0.8298390832481979,
  "median_dice": 0.8758727103160349,
  "std_dice": 0.15244384638174094,
  "min_dice": 1.0749220681385044e-11,
  "max_dice": 0.977976414840461,
  "mean_iou": 0.7324150376846785,
  "median_iou": 0.7791580852491712,
  "std_iou": 0.18176624365740665,
  "min_iou": 1.0749220681385044e-11,
  "max_iou": 0.9569020021079357,
  "mean_precision": 0.8467628318484333,
  "median_precision": 0.8949811582223413,
  "std_precision": 0.14965111669358827,
  "min_precision": 0.13763369538538414,
  "max_precision": 1.0,
  "mean_recall": 0.8535241018898172,
  "median_recall": 0.9150643945596949,
  "std_recall": 0.16993718147589554,
  "min_recall": 1.0749220681385044e-11,
  "max_recall": 1.0,
  "mean_pred_area": 13451.63966480447,
  "median_pred_area": 11210.5,
  "std_pred_area": 9530.891654975081,
  "min_pred_area": 0.0,
  "max_pred_area": 52748.0,
  "mean_gt_area": 13482.103351955308,
  "median_gt_area": 10994.0,
  "std_gt_area": 9994.575247761813,
  "min_gt_area": 480.0,
  "max_gt_area": 51536.0,
  "quartiles_by_gt_area": {
    "Q1": {
      "num_cases": 90,
      "gt_area_min": 480,
      "gt_area_max": 6122,
      "mean_dice": 0.7924731055486683,
      "mean_iou": 0.688252955483791,
      "mean_precision": 0.7861843114548124,
      "mean_recall": 0.8681519794065095,
      "mean_pred_area": 5264.233333333334,
      "mean_gt_area": 4124.833333333333
    },
    "Q2": {
      "num_cases": 90,
      "gt_area_min": 6134,
      "gt_area_max": 11016,
      "mean_dice": 0.8305544721917177,
      "mean_iou": 0.7311847092968022,
      "mean_precision": 0.8616669786513534,
      "mean_recall": 0.8406839227837514,
      "mean_pred_area": 8265.177777777777,
      "mean_gt_area": 8307.122222222222
    },
    "Q3": {
      "num_cases": 89,
      "gt_area_min": 11125,
      "gt_area_max": 17481,
      "mean_dice": 0.8475295634361905,
      "mean_iou": 0.7529337823543328,
      "mean_precision": 0.8417795619002756,
      "mean_recall": 0.8762010971151766,
      "mean_pred_area": 15231.23595505618,
      "mean_gt_area": 14209.067415730337
    },
    "Q4": {
      "num_cases": 89,
      "gt_area_min": 17520,
      "gt_area_max": 51536,
      "mean_dice": 0.8492109961842599,
      "mean_iou": 0.7577987306890556,
      "mean_precision": 0.8979336705961756,
      "mean_recall": 0.8290393217548357,
      "mean_pred_area": 25196.1797752809,
      "mean_gt_area": 27450.674157303372
    }
  },
  "run_name": "resunet_cbsa_mkdc_fg1_crop_e80_bs6",
  "split": "test",
  "eval_mode": "resize640_sliding_window_patch512",
  "eval_size": 640,
  "patch_size": 512,
  "stride": 128,
  "threshold": 0.5,
  "checkpoint": "/share/home/u2515283028/caries_project/runs/resunet_cbsa_mkdc_fg1_crop_e80_bs6/checkpoints/best.pth",
  "num_windows_per_image": 4
}