{
  "best_epoch": 68,
  "best_val_dice_during_training": 0.7875403761863708,
  "best_train_metrics": {
    "loss": 0.16381995466887386,
    "dice": 0.8812890296290725,
    "iou": 0.8068710616334379,
    "precision": 0.8828279618585148,
    "recall": 0.904636826330931
  },
  "best_val_metrics": {
    "loss": 0.2717639266380242,
    "dice": 0.7875403761863708,
    "iou": 0.68459293423664,
    "precision": 0.8092610367706844,
    "recall": 0.8198503461622056
  },
  "test_metrics": {
    "loss": 0.22132738965253035,
    "dice": 0.8277147044738133,
    "iou": 0.7295056233803431,
    "precision": 0.8390101343393326,
    "recall": 0.8531520376602809
  }
}