{
  "loss": 0.2111875469258719,
  "dice": 0.9061781197454065,
  "iou": 0.8284512644183815,
  "precision": 0.9079031743944701,
  "recall": 0.9044596080189319,
  "tp": 27391959.0,
  "fp": 2778614.0,
  "fn": 2893483.0,
  "tn": 963083144.0,
  "delta_abs": 2.120011806488037,
  "uncertainty_mean": 0.0063352868892252445
}