{
  "loss": 0.31627654115713777,
  "dice": 0.8479266895874802,
  "iou": 0.7360006363517767,
  "precision": 0.8481695854224646,
  "recall": 0.8476839328320209,
  "tp": 3442024.0,
  "fp": 616155.0,
  "fn": 618480.0,
  "tn": 126395341.0,
  "delta_abs": 2.112276077270508,
  "uncertainty_mean": 0.0074444180354475975
}