{
  "best_epoch": 181,
  "best_val_dice_during_training": 0.8479266895874802,
  "best_train_metrics": {
    "loss": 0.2111875469258719,
    "dice": 0.9061781197454065,
    "iou": 0.8284512644183815,
    "precision": 0.9079031743944701,
    "recall": 0.9044596080189319,
    "tp": 27391959.0,
    "fp": 2778614.0,
    "fn": 2893483.0,
    "tn": 963083144.0,
    "delta_abs": 2.120011806488037,
    "uncertainty_mean": 0.0063352868892252445
  },
  "best_val_metrics": {
    "loss": 0.31627654115713777,
    "dice": 0.8479266895874802,
    "iou": 0.7360006363517767,
    "precision": 0.8481695854224646,
    "recall": 0.8476839328320209,
    "tp": 3442024.0,
    "fp": 616155.0,
    "fn": 618480.0,
    "tn": 126395341.0,
    "delta_abs": 2.112276077270508,
    "uncertainty_mean": 0.0074444180354475975
  },
  "test_metrics": {
    "loss": 0.26196650800605614,
    "dice": 0.8804156609787744,
    "iou": 0.7863772565347736,
    "precision": 0.8862076013386981,
    "recall": 0.874698937189223,
    "tp": 2701268.0,
    "fp": 346853.0,
    "fn": 386958.0,
    "tn": 90412473.0,
    "delta_abs": 2.173346996307373,
    "uncertainty_mean": 0.006537000648677349
  }
}