{
  "loss": 0.2598076592243853,
  "dice": 0.7975209202794802,
  "iou": 0.6989393198773974,
  "precision": 0.8360658756324223,
  "recall": 0.8146342078135127
}