{
  "loss": 0.13589061589835194,
  "dice": 0.8922038055744833,
  "iou": 0.8172613591989885,
  "precision": 0.8912185597871004,
  "recall": 0.9074906093841095
}