{
  "best_epoch": 33,
  "best_val_dice_during_training": 0.7975209202794802,
  "best_train_metrics": {
    "loss": 0.13589061589835194,
    "dice": 0.8922038055744833,
    "iou": 0.8172613591989885,
    "precision": 0.8912185597871004,
    "recall": 0.9074906093841095
  },
  "best_val_metrics": {
    "loss": 0.2598076592243853,
    "dice": 0.7975209202794802,
    "iou": 0.6989393198773974,
    "precision": 0.8360658756324223,
    "recall": 0.8146342078135127
  },
  "test_metrics": {
    "loss": 0.21555260426054398,
    "dice": 0.8318038155635198,
    "iou": 0.7380549202362696,
    "precision": 0.8661851406097412,
    "recall": 0.8411046197017034
  }
}