{
  "loss": 0.10694995604761015,
  "dice": 0.9153563635958482,
  "iou": 0.8519667603240029,
  "precision": 0.9265981693561145,
  "recall": 0.9124738075755748
}