{
  "loss": 0.2666836030603874,
  "dice": 0.796737823457945,
  "iou": 0.6958251389719191,
  "precision": 0.8482830041930789,
  "recall": 0.795882992091633
}