{
  "best_epoch": 48,
  "best_val_dice_during_training": 0.796737823457945,
  "best_train_metrics": {
    "loss": 0.10694995604761015,
    "dice": 0.9153563635958482,
    "iou": 0.8519667603240029,
    "precision": 0.9265981693561145,
    "recall": 0.9124738075755748
  },
  "best_val_metrics": {
    "loss": 0.2666836030603874,
    "dice": 0.796737823457945,
    "iou": 0.6958251389719191,
    "precision": 0.8482830041930789,
    "recall": 0.795882992091633
  },
  "test_metrics": {
    "loss": 0.20217164183656375,
    "dice": 0.8451955378055572,
    "iou": 0.7537837356328965,
    "precision": 0.8871616204579671,
    "recall": 0.8375743637482326
  }
}