{
  "dice": 0.8211747439131065,
  "iou": 0.6966043013355492,
  "precision": 0.8132684963243615,
  "recall": 0.8292362228925318,
  "loss": 0.32695333755016326
}