{
  "dice": 0.9210127536575545,
  "iou": 0.8535900278521427,
  "precision": 0.8999111611524043,
  "recall": 0.9431277106551713,
  "loss": 0.15637453249802716
}