{
  "run_name": "resnet34_unet3p_cbsa_laspp_csftl_e50_bs6",
  "num_cases": 358,
  "threshold": 0.5,
  "mean_dice": 0.8485276113076595,
  "mean_iou": 0.7577755809615423,
  "mean_precision": 0.8434034110129488,
  "mean_recall": 0.8806832620241571,
  "median_dice": 0.8932382114994107,
  "median_iou": 0.8070737254173037,
  "median_precision": 0.8978268881065623,
  "median_recall": 0.9400556599929668,
  "module_name": "train_resnet34_unet3p_cbsa_laspp",
  "class_name": "ResNet34UNet3PlusCBSALiteASPP",
  "checkpoint": "/share/home/u2515283028/caries_project/runs/resnet34_unet3p_cbsa_laspp_csftl_e50_bs6/checkpoints/best.pth",
  "per_case_csv": "/share/home/u2515283028/caries_project/runs/resnet34_unet3p_cbsa_laspp_csftl_e50_bs6/per_case_metrics.csv"
}