{
  "best_epoch": 43,
  "best_val_dice_during_training": 0.8211747439131065,
  "best_train_metrics": {
    "dice": 0.9210127536575545,
    "iou": 0.8535900278521427,
    "precision": 0.8999111611524043,
    "recall": 0.9431277106551713,
    "loss": 0.15637453249802716
  },
  "best_val_metrics": {
    "dice": 0.8211747439131065,
    "iou": 0.6966043013355492,
    "precision": 0.8132684963243615,
    "recall": 0.8292362228925318,
    "loss": 0.32695333755016326
  },
  "test_metrics": {
    "dice": 0.8627818913725662,
    "iou": 0.7586775877266898,
    "precision": 0.8574779925467029,
    "recall": 0.8681518127235549,
    "loss": 0.24957128918037735
  }
}