{
  "loss": 0.13781610502030006,
  "dice": 0.8907987026010026,
  "iou": 0.8151055691934158,
  "precision": 0.8940068582066978,
  "recall": 0.901102935290111
}