{
  "loss": 0.22293840109237603,
  "dice": 0.8279184152682623,
  "iou": 0.7331208334792227,
  "precision": 0.8424791353089469,
  "recall": 0.8495455916438784
}