{
  "run_name": "resunet_cbsa_mkdc_auglite_e200_coslr_bs6",
  "num_cases": 358,
  "threshold": 0.5,
  "mean_dice": 0.8627117812742334,
  "mean_iou": 0.7745218735352154,
  "mean_precision": 0.8711740797671882,
  "mean_recall": 0.8758450433944277,
  "median_dice": 0.9042946293677387,
  "median_iou": 0.825308618243281,
  "median_precision": 0.9133319279403713,
  "median_recall": 0.9234808142832058,
  "module_name": "train_resunet_cbsa_mkdc_auglite_e200_coslr",
  "class_name": "ResNet34UNetCBSAMKDC",
  "checkpoint": "/share/home/u2515283028/caries_project/runs/resunet_cbsa_mkdc_auglite_e200_coslr_bs6/checkpoints/best.pth",
  "per_case_csv": "/share/home/u2515283028/caries_project/runs/resunet_cbsa_mkdc_auglite_e200_coslr_bs6/per_case_metrics.csv"
}