{
  "best_epoch": 138,
  "best_val_dice_during_training": 0.8279184152682623,
  "best_train_metrics": {
    "loss": 0.13781610502030006,
    "dice": 0.8907987026010026,
    "iou": 0.8151055691934158,
    "precision": 0.8940068582066978,
    "recall": 0.901102935290111
  },
  "best_val_metrics": {
    "loss": 0.22293840109237603,
    "dice": 0.8279184152682623,
    "iou": 0.7331208334792227,
    "precision": 0.8424791353089469,
    "recall": 0.8495455916438784
  },
  "test_metrics": {
    "loss": 0.1762938193976879,
    "dice": 0.8630969951550166,
    "iou": 0.7750814219315847,
    "precision": 0.8715817332267761,
    "recall": 0.8761008133490881
  }
}