{
  "loss": 0.22067077423824874,
  "dice": 0.9013017543371786,
  "iou": 0.8203360275627319,
  "precision": 0.9032315315379078,
  "recall": 0.8993802055925488,
  "tp": 27451514.0,
  "fp": 2941041.0,
  "fn": 3071188.0,
  "tn": 962683457.0
}