{
  "loss": 0.3191058775853543,
  "dice": 0.8479100170351755,
  "iou": 0.7359755136948329,
  "precision": 0.8502063447769403,
  "recall": 0.8456260602132529,
  "tp": 3433668.0,
  "fp": 604961.0,
  "fn": 626836.0,
  "tn": 126406535.0
}