{
  "best_epoch": 157,
  "best_val_dice_during_training": 0.8479100170351755,
  "best_train_metrics": {
    "loss": 0.22067077423824874,
    "dice": 0.9013017543371786,
    "iou": 0.8203360275627319,
    "precision": 0.9032315315379078,
    "recall": 0.8993802055925488,
    "tp": 27451514.0,
    "fp": 2941041.0,
    "fn": 3071188.0,
    "tn": 962683457.0
  },
  "best_val_metrics": {
    "loss": 0.3191058775853543,
    "dice": 0.8479100170351755,
    "iou": 0.7359755136948329,
    "precision": 0.8502063447769403,
    "recall": 0.8456260602132529,
    "tp": 3433668.0,
    "fp": 604961.0,
    "fn": 626836.0,
    "tn": 126406535.0
  },
  "test_metrics": {
    "loss": 0.2681739786018928,
    "dice": 0.8800135623715389,
    "iou": 0.7857359096552786,
    "precision": 0.8851935249991121,
    "recall": 0.8748938711092145,
    "tp": 2701870.0,
    "fp": 350423.0,
    "fn": 386356.0,
    "tn": 90408903.0
  },
  "model_parameters": 24446297,
  "trainable_parameters": 24446297,
  "esdr_parameters": 7810,
  "learned_esdr_scale": 0.5933254957199097
}