{
  "loss": 0.24777190129886667,
  "dice": 0.9062011183228769,
  "iou": 0.828489710040113,
  "precision": 0.9140043128267138,
  "recall": 0.898530033492658,
  "tp": 27418688.0,
  "fp": 2579735.0,
  "fn": 3096361.0,
  "tn": 963052416.0,
  "loss_boundary_pre": 0.28192487359046936,
  "loss_rim_pre": 0.020543664693832397,
  "wpb": 0.1,
  "wpr": 0.05
}