{
  "loss": 0.36804172370050636,
  "dice": 0.8491222217836772,
  "iou": 0.7378039943561286,
  "precision": 0.8532469131044382,
  "recall": 0.8450372170548668,
  "tp": 3431277.0,
  "fp": 590158.0,
  "fn": 629227.0,
  "tn": 126421338.0,
  "loss_boundary_pre": 0.32083433866500854,
  "loss_rim_pre": 0.02559034340083599,
  "wpb": 0.1,
  "wpr": 0.05
}