{
  "best_epoch": 196,
  "best_val_dice_during_training": 0.8491222217836772,
  "best_train_metrics": {
    "loss": 0.24777190129886667,
    "dice": 0.9062011183228769,
    "iou": 0.828489710040113,
    "precision": 0.9140043128267138,
    "recall": 0.898530033492658,
    "tp": 27418688.0,
    "fp": 2579735.0,
    "fn": 3096361.0,
    "tn": 963052416.0,
    "loss_boundary_pre": 0.28192487359046936,
    "loss_rim_pre": 0.020543664693832397,
    "wpb": 0.1,
    "wpr": 0.05
  },
  "best_val_metrics": {
    "loss": 0.36804172370050636,
    "dice": 0.8491222217836772,
    "iou": 0.7378039943561286,
    "precision": 0.8532469131044382,
    "recall": 0.8450372170548668,
    "tp": 3431277.0,
    "fp": 590158.0,
    "fn": 629227.0,
    "tn": 126421338.0,
    "loss_boundary_pre": 0.32083433866500854,
    "loss_rim_pre": 0.02559034340083599,
    "wpb": 0.1,
    "wpr": 0.05
  },
  "test_metrics": {
    "loss": 0.29953074182073275,
    "dice": 0.8843591789750802,
    "iou": 0.7926916641170128,
    "precision": 0.8921790968048441,
    "recall": 0.8766751526604993,
    "tp": 2707371.0,
    "fp": 327189.0,
    "fn": 380855.0,
    "tn": 90432137.0,
    "loss_boundary_pre": 0.30932343006134033,
    "loss_rim_pre": 0.018275044858455658,
    "wpb": 0.1,
    "wpr": 0.05
  }
}