{
  "loss": 0.11589606250827245,
  "seg_loss": 0.09555501480254841,
  "edge_loss": 0.06780348940273564,
  "dice": 0.9311481231958708,
  "iou": 0.8759970915994434,
  "precision": 0.9252399280432271,
  "recall": 0.9425687383778087
}