{
  "loss": 0.3339205728843808,
  "seg_loss": 0.27219160987685126,
  "edge_loss": 0.20576320269278117,
  "dice": 0.8039273463544392,
  "iou": 0.7052104416347685,
  "precision": 0.8195583146242869,
  "recall": 0.832254687945048
}