{
  "best_epoch": 35,
  "best_val_dice_during_training": 0.8039273463544392,
  "best_train_metrics": {
    "loss": 0.11589606250827245,
    "seg_loss": 0.09555501480254841,
    "edge_loss": 0.06780348940273564,
    "dice": 0.9311481231958708,
    "iou": 0.8759970915994434,
    "precision": 0.9252399280432271,
    "recall": 0.9425687383778087
  },
  "best_val_metrics": {
    "loss": 0.3339205728843808,
    "seg_loss": 0.27219160987685126,
    "edge_loss": 0.20576320269278117,
    "dice": 0.8039273463544392,
    "iou": 0.7052104416347685,
    "precision": 0.8195583146242869,
    "recall": 0.832254687945048
  },
  "test_metrics": {
    "loss": 0.2602578406532606,
    "seg_loss": 0.21154407647748788,
    "edge_loss": 0.16237920373678208,
    "dice": 0.8462653259436289,
    "iou": 0.7554209659496943,
    "precision": 0.8561421016852061,
    "recall": 0.8669159839550654
  }
}