{
  "loss": 0.2162837570515529,
  "dice": 0.903931459062508,
  "iou": 0.8247034061294726,
  "precision": 0.8958856471447708,
  "recall": 0.9121230970332077,
  "tp": 27833481.0,
  "fp": 3234637.0,
  "fn": 2681568.0,
  "tn": 962397514.0
}