{
  "loss": 0.3160590607495535,
  "dice": 0.8492177625009999,
  "iou": 0.7379482710357437,
  "precision": 0.8384882026612515,
  "recall": 0.8602254793986509,
  "tp": 3492949.0,
  "fp": 672821.0,
  "fn": 567555.0,
  "tn": 126338675.0
}