{
  "run_name": "b2_brr_rbsg_auglite_e200_constlr_bs6",
  "num_cases": 358,
  "threshold": 0.5,
  "mean_dice": 0.8663361467653041,
  "mean_iou": 0.7786436628173268,
  "mean_precision": 0.8692954231000626,
  "mean_recall": 0.8842797954658889,
  "median_dice": 0.9028279752562531,
  "median_iou": 0.8228683059198555,
  "median_precision": 0.9113399609831349,
  "median_recall": 0.9302594102476183,
  "module_name": "train_resnet34_unet_brr_b2_rbsg_e200",
  "class_name": "ResNet34UNetBRRB2RBSG",
  "checkpoint": "/share/home/u2515283028/caries_project/runs/b2_brr_rbsg_auglite_e200_constlr_bs6/checkpoints/best.pth",
  "per_case_csv": "/share/home/u2515283028/caries_project/runs/b2_brr_rbsg_auglite_e200_constlr_bs6/per_case_metrics.csv"
}