{
  "best_epoch": 166,
  "best_val_dice_during_training": 0.8492177625009999,
  "best_train_metrics": {
    "loss": 0.2162837570515529,
    "dice": 0.903931459062508,
    "iou": 0.8247034061294726,
    "precision": 0.8958856471447708,
    "recall": 0.9121230970332077,
    "tp": 27833481.0,
    "fp": 3234637.0,
    "fn": 2681568.0,
    "tn": 962397514.0
  },
  "best_val_metrics": {
    "loss": 0.3160590607495535,
    "dice": 0.8492177625009999,
    "iou": 0.7379482710357437,
    "precision": 0.8384882026612515,
    "recall": 0.8602254793986509,
    "tp": 3492949.0,
    "fp": 672821.0,
    "fn": 567555.0,
    "tn": 126338675.0
  },
  "test_metrics": {
    "loss": 0.2598834976553917,
    "dice": 0.8842483838307861,
    "iou": 0.7925136482139006,
    "precision": 0.8799666883229296,
    "recall": 0.8885719503689534,
    "tp": 2744111.0,
    "fp": 374315.0,
    "fn": 344115.0,
    "tn": 90385011.0
  }
}