{
  "run_name": "resnet34_unet3p_cdfe_e50_bs6",
  "num_cases": 358,
  "threshold": 0.5,
  "mean_dice": 0.8421058428293942,
  "mean_iou": 0.7483276583614757,
  "mean_precision": 0.8507204671142204,
  "mean_recall": 0.8690512084386842,
  "median_dice": 0.8921619414975483,
  "median_iou": 0.805318011472071,
  "median_precision": 0.8977910709196709,
  "median_recall": 0.9312297342793188,
  "module_name": "train_resnet34_unet3p_cdfe",
  "class_name": "ResNet34UNet3PlusCDFE",
  "checkpoint": "/share/home/u2515283028/caries_project/runs/resnet34_unet3p_cdfe_e50_bs6/checkpoints/best.pth",
  "per_case_csv": "/share/home/u2515283028/caries_project/runs/resnet34_unet3p_cdfe_e50_bs6/per_case_metrics.csv"
}