{
  "loss": 0.21801089496595627,
  "dice": 0.9028245988929986,
  "iou": 0.8228625960644865,
  "precision": 0.9040242275395004,
  "recall": 0.9016281498111561,
  "tp": 27575875.0,
  "fp": 2927594.0,
  "fn": 3008657.0,
  "tn": 962635074.0
}