{
  "loss": 0.3197220108870949,
  "dice": 0.8480132898661112,
  "iou": 0.7361311397139159,
  "precision": 0.8547105405686359,
  "recall": 0.841420178381836,
  "tp": 3416590.0,
  "fp": 580775.0,
  "fn": 643914.0,
  "tn": 126430721.0
}