{
  "run_name": "b1_brr_aux_auglite_e200_constlr_bs6",
  "num_cases": 358,
  "threshold": 0.5,
  "mean_dice": 0.8654458245868089,
  "mean_iou": 0.7783423514491921,
  "mean_precision": 0.8726572449759212,
  "mean_recall": 0.879707660538143,
  "median_dice": 0.9016101059880086,
  "median_iou": 0.820847122881849,
  "median_precision": 0.9117058725508175,
  "median_recall": 0.9264610615614088,
  "module_name": "train_resnet34_unet_brr_b1_aux_e200",
  "class_name": "ResNet34UNetBRRB1Aux",
  "checkpoint": "/share/home/u2515283028/caries_project/runs/b1_brr_aux_auglite_e200_constlr_bs6/checkpoints/best.pth",
  "per_case_csv": "/share/home/u2515283028/caries_project/runs/b1_brr_aux_auglite_e200_constlr_bs6/per_case_metrics.csv"
}