{
  "best_epoch": 167,
  "best_val_dice_during_training": 0.8480132898661112,
  "best_train_metrics": {
    "loss": 0.21801089496595627,
    "dice": 0.9028245988929986,
    "iou": 0.8228625960644865,
    "precision": 0.9040242275395004,
    "recall": 0.9016281498111561,
    "tp": 27575875.0,
    "fp": 2927594.0,
    "fn": 3008657.0,
    "tn": 962635074.0
  },
  "best_val_metrics": {
    "loss": 0.3197220108870949,
    "dice": 0.8480132898661112,
    "iou": 0.7361311397139159,
    "precision": 0.8547105405686359,
    "recall": 0.841420178381836,
    "tp": 3416590.0,
    "fp": 580775.0,
    "fn": 643914.0,
    "tn": 126430721.0
  },
  "test_metrics": {
    "loss": 0.26220247050126394,
    "dice": 0.879470787355835,
    "iou": 0.7848709140572442,
    "precision": 0.8850335792962645,
    "recall": 0.8739774873989553,
    "tp": 2699040.0,
    "fp": 350607.0,
    "fn": 389186.0,
    "tn": 90408719.0
  }
}