{
  "loss": 0.09800718452675673,
  "dice": 0.9309003450893077,
  "iou": 0.8767384455219053,
  "precision": 0.9308562540105465,
  "recall": 0.9369327411854681
}