{
  "loss": 0.2647648798745303,
  "dice": 0.8054310604929924,
  "iou": 0.7068810764522779,
  "precision": 0.8392237552574703,
  "recall": 0.8181442008132026
}