{
  "run_name": "resnet34_unet3p_cbsa_laspp_e50_bs6",
  "num_cases": 358,
  "threshold": 0.5,
  "mean_dice": 0.8550818880713749,
  "mean_iou": 0.7673786265753134,
  "mean_precision": 0.8803087170518847,
  "mean_recall": 0.8589528009587729,
  "median_dice": 0.9015456700371436,
  "median_iou": 0.8207402529147917,
  "median_precision": 0.9278855717045571,
  "median_recall": 0.9219868589651116,
  "module_name": "train_resnet34_unet3p_cbsa_laspp",
  "class_name": "ResNet34UNet3PlusCBSALiteASPP",
  "checkpoint": "/share/home/u2515283028/caries_project/runs/resnet34_unet3p_cbsa_laspp_e50_bs6/checkpoints/best.pth",
  "per_case_csv": "/share/home/u2515283028/caries_project/runs/resnet34_unet3p_cbsa_laspp_e50_bs6/per_case_metrics.csv"
}