{
  "best_epoch": 42,
  "best_val_dice_during_training": 0.8054310604929924,
  "best_train_metrics": {
    "loss": 0.09800718452675673,
    "dice": 0.9309003450893077,
    "iou": 0.8767384455219053,
    "precision": 0.9308562540105465,
    "recall": 0.9369327411854681
  },
  "best_val_metrics": {
    "loss": 0.2647648798745303,
    "dice": 0.8054310604929924,
    "iou": 0.7068810764522779,
    "precision": 0.8392237552574703,
    "recall": 0.8181442008132026
  },
  "test_metrics": {
    "loss": 0.19845900765309732,
    "dice": 0.8551297922929127,
    "iou": 0.7675456037123998,
    "precision": 0.8805366317431133,
    "recall": 0.8588298459847769
  }
}