{
  "loss": 0.21567150847016825,
  "dice": 0.9027060125623704,
  "iou": 0.8226655963643319,
  "precision": 0.8951392474074995,
  "recall": 0.9104017946393637,
  "tp": 27728041.0,
  "fp": 3248191.0,
  "fn": 2728886.0,
  "tn": 962442082.0
}