{
  "loss": 0.31538932699532735,
  "dice": 0.8502580609815403,
  "iou": 0.7395207847314341,
  "precision": 0.8389496256111848,
  "recall": 0.8618755208713347,
  "tp": 3499649.0,
  "fp": 671816.0,
  "fn": 560855.0,
  "tn": 126339680.0
}