{
  "run_name": "b17_wavelet_rescue_auglite_e200_constlr_bs6",
  "num_cases": 358,
  "threshold": 0.5,
  "mean_dice": 0.8633490698544779,
  "mean_iou": 0.7769777227221197,
  "mean_precision": 0.864702449491628,
  "mean_recall": 0.8842964932107243,
  "median_dice": 0.9032196886819333,
  "median_iou": 0.8235192497433191,
  "median_precision": 0.905167814115621,
  "median_recall": 0.9381579618771665,
  "module_name": "train_resnet34_unet_brr_b17_wavelet_rescue_e200",
  "class_name": "ResNet34UNetBRRB17WaveletRescue",
  "checkpoint": "/share/home/u2515283028/caries_project/runs/b17_wavelet_rescue_auglite_e200_constlr_bs6/checkpoints/best.pth",
  "per_case_csv": "/share/home/u2515283028/caries_project/runs/b17_wavelet_rescue_auglite_e200_constlr_bs6/per_case_metrics.csv"
}