{
  "best_epoch": 184,
  "best_val_dice_during_training": 0.8502580609815403,
  "best_train_metrics": {
    "loss": 0.21567150847016825,
    "dice": 0.9027060125623704,
    "iou": 0.8226655963643319,
    "precision": 0.8951392474074995,
    "recall": 0.9104017946393637,
    "tp": 27728041.0,
    "fp": 3248191.0,
    "fn": 2728886.0,
    "tn": 962442082.0
  },
  "best_val_metrics": {
    "loss": 0.31538932699532735,
    "dice": 0.8502580609815403,
    "iou": 0.7395207847314341,
    "precision": 0.8389496256111848,
    "recall": 0.8618755208713347,
    "tp": 3499649.0,
    "fp": 671816.0,
    "fn": 560855.0,
    "tn": 126339680.0
  },
  "test_metrics": {
    "loss": 0.2639599349349737,
    "dice": 0.8806121717156037,
    "iou": 0.7866908585787357,
    "precision": 0.8766078979801581,
    "recall": 0.8846531957182263,
    "tp": 2732009.0,
    "fp": 384560.0,
    "fn": 356217.0,
    "tn": 90374766.0
  },
  "model_parameters": 24446441,
  "trainable_parameters": 24446441,
  "wfpr_parameters": 7954,
  "learned_wfpr_scale": 0.5477167963981628
}