{
  "loss": 0.10293875559459349,
  "dice": 0.9185173147672359,
  "iou": 0.8578222123230294,
  "precision": 0.9218359232324908,
  "recall": 0.924457497495206
}