{
  "loss": 0.279223180553388,
  "dice": 0.7877632940099353,
  "iou": 0.6896941959857941,
  "precision": 0.84223953244232,
  "recall": 0.7962809691116923
}