{
  "run_name": "resunet_cbsa_mkdc_e3_t4_e50_bs6",
  "num_cases": 358,
  "threshold": 0.5,
  "mean_dice": 0.8376402427493532,
  "mean_iou": 0.7453029893503504,
  "mean_precision": 0.8753567452836213,
  "mean_recall": 0.8377022364375153,
  "median_dice": 0.8866090796322013,
  "median_iou": 0.7963155564727941,
  "median_precision": 0.9186539749982553,
  "median_recall": 0.911107375253885,
  "module_name": "train_resunet_cbsa_mkdc_e3_t4",
  "class_name": "ResNet34UNetCBSAMKDCE3",
  "checkpoint": "/share/home/u2515283028/caries_project/runs/resunet_cbsa_mkdc_e3_t4_e50_bs6/checkpoints/best.pth",
  "per_case_csv": "/share/home/u2515283028/caries_project/runs/resunet_cbsa_mkdc_e3_t4_e50_bs6/per_case_metrics.csv"
}