{
  "best_epoch": 44,
  "best_val_dice_during_training": 0.7877632940099353,
  "best_train_metrics": {
    "loss": 0.10293875559459349,
    "dice": 0.9185173147672359,
    "iou": 0.8578222123230294,
    "precision": 0.9218359232324908,
    "recall": 0.924457497495206
  },
  "best_val_metrics": {
    "loss": 0.279223180553388,
    "dice": 0.7877632940099353,
    "iou": 0.6896941959857941,
    "precision": 0.84223953244232,
    "recall": 0.7962809691116923
  },
  "test_metrics": {
    "loss": 0.21390351497878632,
    "dice": 0.8380722989638646,
    "iou": 0.7459032098452251,
    "precision": 0.8757053862015406,
    "recall": 0.8380317687988281
  }
}