{
  "loss": 0.3186461448314644,
  "dice": 0.8488936495250787,
  "iou": 0.7374589230394534,
  "precision": 0.8467345296127924,
  "recall": 0.8510638088277093,
  "tp": 3455748.0,
  "fp": 625517.0,
  "fn": 604756.0,
  "tn": 126385979.0
}