{
  "loss": 0.19842221177761862,
  "dice": 0.9118515780381805,
  "iou": 0.8379845613286915,
  "precision": 0.9167600363934264,
  "recall": 0.9069954008741955,
  "tp": 27476535.0,
  "fp": 2494814.0,
  "fn": 2817483.0,
  "tn": 963358368.0
}