{
  "best_epoch": 177,
  "best_val_dice_during_training": 0.8488936495250787,
  "best_train_metrics": {
    "loss": 0.19842221177761862,
    "dice": 0.9118515780381805,
    "iou": 0.8379845613286915,
    "precision": 0.9167600363934264,
    "recall": 0.9069954008741955,
    "tp": 27476535.0,
    "fp": 2494814.0,
    "fn": 2817483.0,
    "tn": 963358368.0
  },
  "best_val_metrics": {
    "loss": 0.3186461448314644,
    "dice": 0.8488936495250787,
    "iou": 0.7374589230394534,
    "precision": 0.8467345296127924,
    "recall": 0.8510638088277093,
    "tp": 3455748.0,
    "fp": 625517.0,
    "fn": 604756.0,
    "tn": 126385979.0
  },
  "test_metrics": {
    "loss": 0.2637628567715486,
    "dice": 0.8812229206456363,
    "iou": 0.7876662267287572,
    "precision": 0.8876948770848344,
    "recall": 0.8748446519134692,
    "tp": 2701718.0,
    "fp": 341803.0,
    "fn": 386508.0,
    "tn": 90417523.0
  }
}