{
  "loss": 0.11883994751266125,
  "dice": 0.9063460619103645,
  "iou": 0.8378276803328035,
  "precision": 0.9071106922927339,
  "recall": 0.9151072110099371
}