{
  "loss": 0.2574758198821828,
  "dice": 0.8001249773161752,
  "iou": 0.7005476029146285,
  "precision": 0.8250596147207987,
  "recall": 0.8178109164748874
}