{
  "run_name": "resunet_skipcbsa_blaspp_e50_bs6",
  "num_cases": 358,
  "threshold": 0.5,
  "mean_dice": 0.8437291115940073,
  "mean_iou": 0.7511820607775003,
  "mean_precision": 0.8618442476240248,
  "mean_recall": 0.8522653050101685,
  "median_dice": 0.8897954130771938,
  "median_iou": 0.8014697709486792,
  "median_precision": 0.9131684870298994,
  "median_recall": 0.9212322129583732,
  "module_name": "train_resunet_skip_cbsa_blaspp_boundary",
  "class_name": "ResNet34UNetSkipCBSABottleneckLiteASPP",
  "checkpoint": "/share/home/u2515283028/caries_project/runs/resunet_skipcbsa_blaspp_e50_bs6/checkpoints/best.pth",
  "per_case_csv": "/share/home/u2515283028/caries_project/runs/resunet_skipcbsa_blaspp_e50_bs6/per_case_metrics.csv"
}