{
  "best_epoch": 39,
  "best_val_dice_during_training": 0.8001249773161752,
  "best_train_metrics": {
    "loss": 0.11883994751266125,
    "dice": 0.9063460619103645,
    "iou": 0.8378276803328035,
    "precision": 0.9071106922927339,
    "recall": 0.9151072110099371
  },
  "best_val_metrics": {
    "loss": 0.2574758198821828,
    "dice": 0.8001249773161752,
    "iou": 0.7005476029146285,
    "precision": 0.8250596147207987,
    "recall": 0.8178109164748874
  },
  "test_metrics": {
    "loss": 0.20020308252424002,
    "dice": 0.8436363756656646,
    "iou": 0.7510551810264587,
    "precision": 0.8620867987473806,
    "recall": 0.8518687973419825
  }
}