{
  "loss": 0.43462213902096997,
  "dice": 0.8524995424564795,
  "iou": 0.7429186950229621,
  "mean_iou": 0.8672327930803667,
  "precision": 0.9182154294442808,
  "recall": 0.7955618653507577,
  "specificity": 0.99781048034208,
  "accuracy": 0.9917484594646253,
  "tp": 23753595.0,
  "fp": 2115710.0,
  "fn": 6104039.0,
  "tn": 964173856.0
}