{
  "loss": 0.4891608030796051,
  "dice": 0.7850824065289438,
  "iou": 0.6462021874965089,
  "mean_iou": 0.8168143920151923,
  "precision": 0.8564950004424805,
  "recall": 0.7246617661256523,
  "specificity": 0.996118367112218,
  "accuracy": 0.9877088623046876,
  "tp": 2942492.0,
  "fp": 493012.0,
  "fn": 1118012.0,
  "tn": 126518484.0
}