{
  "num_cases": 358,
  "dice": {
    "mean": 0.8046287803358725,
    "std": 0.1449997739852128,
    "median": 0.8504705436350279
  },
  "iou": {
    "mean": 0.6942849128718949,
    "std": 0.1772374236100671,
    "median": 0.7398423502845779
  },
  "mean_iou": {
    "mean": 0.8412336381977584,
    "std": 0.09240718919086788,
    "median": 0.8648689177949692
  },
  "precision": {
    "mean": 0.8802712470870576,
    "std": 0.1287810072301891,
    "median": 0.9291031304065995
  },
  "recall": {
    "mean": 0.7758064161154362,
    "std": 0.185961343328204,
    "median": 0.8365411493958053
  },
  "specificity": {
    "mean": 0.9968863150131584,
    "std": 0.004388120176569905,
    "median": 0.99832916489213
  },
  "accuracy": {
    "mean": 0.9885727972958112,
    "std": 0.011818865213989109,
    "median": 0.9926338195801062
  }
}