{
  "best_epoch": 191,
  "best_global_step": 181450,
  "checkpoint_selection": {
    "metric": "loss",
    "mode": "min",
    "best_value_during_training": 0.4891608030796051
  },
  "stopped_early": false,
  "completed_global_steps": 190000,
  "best_train_metrics": {
    "loss": 0.43462213902096997,
    "dice": 0.8524995424564795,
    "iou": 0.7429186950229621,
    "mean_iou": 0.8672327930803667,
    "precision": 0.9182154294442808,
    "recall": 0.7955618653507577,
    "specificity": 0.99781048034208,
    "accuracy": 0.9917484594646253,
    "tp": 23753595.0,
    "fp": 2115710.0,
    "fn": 6104039.0,
    "tn": 964173856.0
  },
  "best_val_metrics": {
    "loss": 0.4891608030796051,
    "dice": 0.7850824065289438,
    "iou": 0.6462021874965089,
    "mean_iou": 0.8168143920151923,
    "precision": 0.8564950004424805,
    "recall": 0.7246617661256523,
    "specificity": 0.996118367112218,
    "accuracy": 0.9877088623046876,
    "tp": 2942492.0,
    "fp": 493012.0,
    "fn": 1118012.0,
    "tn": 126518484.0
  },
  "test_metrics": {
    "loss": 0.4638862775431739,
    "dice": 0.8107144968887097,
    "iou": 0.6816819802880429,
    "mean_iou": 0.8349840609727038,
    "precision": 0.891059836600855,
    "recall": 0.7436599523481301,
    "specificity": 0.996906334452065,
    "accuracy": 0.9885727972957676,
    "tp": 2296590.0,
    "fp": 280779.0,
    "fn": 791636.0,
    "tn": 90478547.0
  }
}