{
  "loss": 0.18039223449510355,
  "dice": 0.8576944862677471,
  "iou": 0.7686770686450817,
  "precision": 0.8745202472909391,
  "recall": 0.8651053833096561
}