{
  "loss": 0.23032991437330133,
  "dice": 0.8202872333072481,
  "iou": 0.7215821402413505,
  "precision": 0.838196628860065,
  "recall": 0.8369882568007424
}