{
  "run_name": "resunet_cbsa_mkdc_auglite_e100_bs6",
  "num_cases": 358,
  "threshold": 0.5,
  "mean_dice": 0.8591222648162152,
  "mean_iou": 0.7688675051865187,
  "mean_precision": 0.8748631151918574,
  "mean_recall": 0.8649948126984609,
  "median_dice": 0.8982269242037841,
  "median_iou": 0.8152558325956805,
  "median_precision": 0.9136376555468422,
  "median_recall": 0.9179638722674397,
  "module_name": "train_resunet_cbsa_mkdc_auglite",
  "class_name": "ResNet34UNetCBSAMKDC",
  "checkpoint": "/share/home/u2515283028/caries_project/runs/resunet_cbsa_mkdc_auglite_e100_bs6/checkpoints/best.pth",
  "per_case_csv": "/share/home/u2515283028/caries_project/runs/resunet_cbsa_mkdc_auglite_e100_bs6/per_case_metrics.csv"
}