{
  "best_epoch": 100,
  "best_val_dice_during_training": 0.8202872333072481,
  "best_train_metrics": {
    "loss": 0.18039223449510355,
    "dice": 0.8576944862677471,
    "iou": 0.7686770686450817,
    "precision": 0.8745202472909391,
    "recall": 0.8651053833096561
  },
  "best_val_metrics": {
    "loss": 0.23032991437330133,
    "dice": 0.8202872333072481,
    "iou": 0.7215821402413505,
    "precision": 0.838196628860065,
    "recall": 0.8369882568007424
  },
  "test_metrics": {
    "loss": 0.18128301401933034,
    "dice": 0.8593627442916234,
    "iou": 0.7692067950963974,
    "precision": 0.8750552852948507,
    "recall": 0.865222571293513
  }
}