{
  "loss": 0.32004136352666784,
  "dice": 0.8476470798615178,
  "iou": 0.7355794089190015,
  "precision": 0.8460311404805771,
  "recall": 0.8492692040200307,
  "tp": 3448461.0,
  "fp": 627584.0,
  "fn": 612043.0,
  "tn": 126383912.0,
  "delta_abs": 1.9909758567810059,
  "uncertainty_mean": 0.007407401688396931
}