{
  "loss": 0.21818716170659952,
  "dice": 0.902268710182922,
  "iou": 0.8219395024562665,
  "precision": 0.8929845067572582,
  "recall": 0.9117479943003668,
  "tp": 27612691.0,
  "fp": 3309112.0,
  "fn": 2672751.0,
  "tn": 962552646.0,
  "delta_abs": 2.0672194957733154,
  "uncertainty_mean": 0.015586926601827145
}