{
  "best_epoch": 174,
  "best_val_dice_during_training": 0.8476470798615178,
  "best_train_metrics": {
    "loss": 0.21818716170659952,
    "dice": 0.902268710182922,
    "iou": 0.8219395024562665,
    "precision": 0.8929845067572582,
    "recall": 0.9117479943003668,
    "tp": 27612691.0,
    "fp": 3309112.0,
    "fn": 2672751.0,
    "tn": 962552646.0,
    "delta_abs": 2.0672194957733154,
    "uncertainty_mean": 0.015586926601827145
  },
  "best_val_metrics": {
    "loss": 0.32004136352666784,
    "dice": 0.8476470798615178,
    "iou": 0.7355794089190015,
    "precision": 0.8460311404805771,
    "recall": 0.8492692040200307,
    "tp": 3448461.0,
    "fp": 627584.0,
    "fn": 612043.0,
    "tn": 126383912.0,
    "delta_abs": 1.9909758567810059,
    "uncertainty_mean": 0.007407401688396931
  },
  "test_metrics": {
    "loss": 0.2610246079663436,
    "dice": 0.8792389206270335,
    "iou": 0.7845016541072047,
    "precision": 0.8805690975053247,
    "recall": 0.8779127563850968,
    "tp": 2711193.0,
    "fp": 367717.0,
    "fn": 377033.0,
    "tn": 90391609.0,
    "delta_abs": 1.9257335662841797,
    "uncertainty_mean": 0.008180677890777588
  }
}