{
  "loss": 0.12436857070973618,
  "dice": 0.9026066041331186,
  "iou": 0.832452718767834,
  "precision": 0.895129670574086,
  "recall": 0.9218714366011815
}