{
  "loss": 0.2664975645464091,
  "dice": 0.7965094897718656,
  "iou": 0.6957429505529857,
  "precision": 0.8280729445673171,
  "recall": 0.8156996568044027
}