{
  "run_name": "resunet_skipcbsa_mkdc_s1_e50_bs6",
  "num_cases": 358,
  "threshold": 0.5,
  "mean_dice": 0.8330268357213679,
  "mean_iou": 0.7391368737705097,
  "mean_precision": 0.8528871679713591,
  "mean_recall": 0.8515186050065018,
  "median_dice": 0.8830359316761407,
  "median_iou": 0.790567899316856,
  "median_precision": 0.8976842688288372,
  "median_recall": 0.9205562566970507,
  "module_name": "train_resunet_skipcbsa_mkdc_s1",
  "class_name": "ResNet34UNetSkipCBSAMKDC",
  "checkpoint": "/share/home/u2515283028/caries_project/runs/resunet_skipcbsa_mkdc_s1_e50_bs6/checkpoints/best.pth",
  "per_case_csv": "/share/home/u2515283028/caries_project/runs/resunet_skipcbsa_mkdc_s1_e50_bs6/per_case_metrics.csv"
}