{
  "best_epoch": 49,
  "best_val_dice_during_training": 0.7965094897718656,
  "best_train_metrics": {
    "loss": 0.12436857070973618,
    "dice": 0.9026066041331186,
    "iou": 0.832452718767834,
    "precision": 0.895129670574086,
    "recall": 0.9218714366011815
  },
  "best_val_metrics": {
    "loss": 0.2664975645464091,
    "dice": 0.7965094897718656,
    "iou": 0.6957429505529857,
    "precision": 0.8280729445673171,
    "recall": 0.8156996568044027
  },
  "test_metrics": {
    "loss": 0.21790973463406166,
    "dice": 0.8334888011217118,
    "iou": 0.7397734036048254,
    "precision": 0.8532072216272354,
    "recall": 0.8519123832384745
  }
}