{
  "loss": 0.26264720175060485,
  "dice": 0.8068208964098067,
  "iou": 0.7080204142701059,
  "precision": 0.8318824349414735,
  "recall": 0.8245575896331242
}