{
  "loss": 0.0996243386567579,
  "dice": 0.9290006371326627,
  "iou": 0.873698521581734,
  "precision": 0.9267535895955299,
  "recall": 0.9377498003398582
}