{
  "run_name": "resnet34_unet3p_cbsa_ppm_e50_bs6",
  "num_cases": 358,
  "threshold": 0.5,
  "mean_dice": 0.8540252420400826,
  "mean_iou": 0.7658659392530354,
  "mean_precision": 0.8661417946730794,
  "mean_recall": 0.8687849840584239,
  "median_dice": 0.8954383918646098,
  "median_iou": 0.8106754186402662,
  "median_precision": 0.9259202077942779,
  "median_recall": 0.9258863150318607,
  "module_name": "train_resnet34_unet3p_cbsa_ppm",
  "class_name": "ResNet34UNet3PlusCBSAPPMLite",
  "checkpoint": "/share/home/u2515283028/caries_project/runs/resnet34_unet3p_cbsa_ppm_e50_bs6/checkpoints/best.pth",
  "per_case_csv": "/share/home/u2515283028/caries_project/runs/resnet34_unet3p_cbsa_ppm_e50_bs6/per_case_metrics.csv"
}