{
  "best_epoch": 36,
  "best_val_dice_during_training": 0.8068208964098067,
  "best_train_metrics": {
    "loss": 0.0996243386567579,
    "dice": 0.9290006371326627,
    "iou": 0.873698521581734,
    "precision": 0.9267535895955299,
    "recall": 0.9377498003398582
  },
  "best_val_metrics": {
    "loss": 0.26264720175060485,
    "dice": 0.8068208964098067,
    "iou": 0.7080204142701059,
    "precision": 0.8318824349414735,
    "recall": 0.8245575896331242
  },
  "test_metrics": {
    "loss": 0.19919155395279328,
    "dice": 0.8544060568014781,
    "iou": 0.7664119074742,
    "precision": 0.8665884425242741,
    "recall": 0.8689884414275487
  }
}