{
  "loss": 0.32101311649949776,
  "dice": 0.8475437251102071,
  "iou": 0.735423758433949,
  "precision": 0.8547086996418087,
  "recall": 0.8404978790810598,
  "tp": 3412845.0,
  "fp": 580147.0,
  "fn": 647659.0,
  "tn": 126431349.0
}