{
  "loss": 0.1962761695053111,
  "dice": 0.9116078501844427,
  "iou": 0.837572974353894,
  "precision": 0.908656175270769,
  "recall": 0.9145787640105738,
  "tp": 27307158.0,
  "fp": 2745087.0,
  "fn": 2550476.0,
  "tn": 963544479.0
}