{
  "best_epoch": 195,
  "best_val_dice_during_training": 0.8475437251102071,
  "best_train_metrics": {
    "loss": 0.1962761695053111,
    "dice": 0.9116078501844427,
    "iou": 0.837572974353894,
    "precision": 0.908656175270769,
    "recall": 0.9145787640105738,
    "tp": 27307158.0,
    "fp": 2745087.0,
    "fn": 2550476.0,
    "tn": 963544479.0
  },
  "best_val_metrics": {
    "loss": 0.32101311649949776,
    "dice": 0.8475437251102071,
    "iou": 0.735423758433949,
    "precision": 0.8547086996418087,
    "recall": 0.8404978790810598,
    "tp": 3412845.0,
    "fp": 580147.0,
    "fn": 647659.0,
    "tn": 126431349.0
  },
  "test_metrics": {
    "loss": 0.2707532559831937,
    "dice": 0.8752721936904092,
    "iou": 0.7782080151128755,
    "precision": 0.8814448223707024,
    "recall": 0.8691854158342462,
    "tp": 2684241.0,
    "fp": 361033.0,
    "fn": 403985.0,
    "tn": 90398293.0
  },
  "model_parameters": 24454307,
  "trainable_parameters": 24454307,
  "dmsk_parameters": 15820,
  "learned_dmsk_residual_scale": 0.350589394569397
}