{
  "loss": 0.14216327161325454,
  "dice": 0.8903928506261543,
  "iou": 0.8137607440023392,
  "precision": 0.8989006954976813,
  "recall": 0.896291406936826
}