{
  "loss": 0.30862850616020815,
  "dice": 0.7628902239458901,
  "iou": 0.6568743189175924,
  "precision": 0.8060800049986158,
  "recall": 0.7826653924726305
}