{
  "num_cases": 358,
  "dice": 0.8021317976474769,
  "iou": 0.6997216314682193,
  "precision": 0.8355323450543192,
  "recall": 0.8174598797991973
}