{
  "best_epoch": 46,
  "best_val_dice_during_training": 0.7628902239458901,
  "best_train_metrics": {
    "loss": 0.14216327161325454,
    "dice": 0.8903928506261543,
    "iou": 0.8137607440023392,
    "precision": 0.8989006954976813,
    "recall": 0.896291406936826
  },
  "best_val_metrics": {
    "loss": 0.30862850616020815,
    "dice": 0.7628902239458901,
    "iou": 0.6568743189175924,
    "precision": 0.8060800049986158,
    "recall": 0.7826653924726305
  },
  "test_metrics_batch_mean": {
    "loss": 0.26073643503089744,
    "dice": 0.8025340855121612,
    "iou": 0.7002710700035095,
    "precision": 0.8359553853670756,
    "recall": 0.8176709289352099
  },
  "test_metrics_per_case_mean": {
    "num_cases": 358,
    "dice": 0.8021317976474769,
    "iou": 0.6997216314682193,
    "precision": 0.8355323450543192,
    "recall": 0.8174598797991973
  }
}