{
  "run_name": "resnet34_unet3p_baseline_e50",
  "num_cases": 358,
  "threshold": 0.5,
  "mean_dice": 0.8310539033111504,
  "mean_iou": 0.7380809651178014,
  "mean_precision": 0.872289227428666,
  "mean_recall": 0.8304525110458028,
  "median_dice": 0.8894461581579731,
  "median_iou": 0.8009035572681761,
  "median_precision": 0.9252515780196361,
  "median_recall": 0.9009028797451551,
  "module_name": "train_resnet34_unet3p",
  "class_name": "ResNet34UNet3Plus",
  "checkpoint": "/share/home/u2515283028/caries_project/runs/resnet34_unet3p_baseline_e50/checkpoints/best.pth",
  "per_case_csv": "/share/home/u2515283028/caries_project/runs/resnet34_unet3p_baseline_e50/per_case_metrics.csv"
}