{
  "loss": 0.12034727472588655,
  "dice": 0.9050675294000644,
  "iou": 0.8366124932698271,
  "precision": 0.9070316699777116,
  "recall": 0.9138739599790483
}