{
  "loss": 0.2670461744336145,
  "dice": 0.7927455675034296,
  "iou": 0.695403278583572,
  "precision": 0.8426005861588887,
  "recall": 0.8074950653882254
}