{
  "run_name": "resunet_sobelgate_mkdc_d2_e50_bs6",
  "num_cases": 358,
  "threshold": 0.5,
  "mean_dice": 0.8397502132649969,
  "mean_iou": 0.7466256823133107,
  "mean_precision": 0.8726363862787634,
  "mean_recall": 0.845338348114784,
  "median_dice": 0.8886908816067312,
  "median_iou": 0.7996793284043956,
  "median_precision": 0.9148141388638866,
  "median_recall": 0.9097673569889471,
  "module_name": "train_resunet_sobelgate_mkdc_d2",
  "class_name": "ResNet34UNetSobelGateMKDC",
  "checkpoint": "/share/home/u2515283028/caries_project/runs/resunet_sobelgate_mkdc_d2_e50_bs6/checkpoints/best.pth",
  "per_case_csv": "/share/home/u2515283028/caries_project/runs/resunet_sobelgate_mkdc_d2_e50_bs6/per_case_metrics.csv"
}