{
  "best_epoch": 37,
  "best_val_dice_during_training": 0.7927455675034296,
  "best_train_metrics": {
    "loss": 0.12034727472588655,
    "dice": 0.9050675294000644,
    "iou": 0.8366124932698271,
    "precision": 0.9070316699777116,
    "recall": 0.9138739599790483
  },
  "best_val_metrics": {
    "loss": 0.2670461744336145,
    "dice": 0.7927455675034296,
    "iou": 0.695403278583572,
    "precision": 0.8426005861588887,
    "recall": 0.8074950653882254
  },
  "test_metrics": {
    "loss": 0.20634131742020448,
    "dice": 0.8402999013662338,
    "iou": 0.7474019934733709,
    "precision": 0.8729775289694468,
    "recall": 0.8458851913611094
  }
}