{
  "loss": 0.14100156551702916,
  "seg_loss": 0.11754709507459157,
  "edge_loss": 0.07818156467568517,
  "dice": 0.9148259260677013,
  "iou": 0.8501698432096547,
  "precision": 0.8976346561773342,
  "recall": 0.941050856459404
}