{
  "loss": 0.3267810137144157,
  "seg_loss": 0.2739639722165607,
  "edge_loss": 0.17605679983361847,
  "dice": 0.7988833699907575,
  "iou": 0.698304944449947,
  "precision": 0.8174645922013691,
  "recall": 0.8343398088500613
}