{
  "run_name": "resnet34_unet3p_edge_ra_e35_bs6",
  "num_cases": 358,
  "threshold": 0.5,
  "mean_dice": 0.8475557375143233,
  "mean_iou": 0.7553849366149722,
  "mean_precision": 0.8506566182657656,
  "mean_recall": 0.8708301803433651,
  "median_dice": 0.889801636134621,
  "median_iou": 0.8014799954600051,
  "median_precision": 0.9062818360784107,
  "median_recall": 0.9290099937154843,
  "module_name": "train_resnet34_unet3p_edge_ra",
  "class_name": "ResNet34UNet3PlusEdgeRA",
  "checkpoint": "/share/home/u2515283028/caries_project/runs/resnet34_unet3p_edge_ra_e35_bs6/checkpoints/best.pth",
  "per_case_csv": "/share/home/u2515283028/caries_project/runs/resnet34_unet3p_edge_ra_e35_bs6/per_case_metrics.csv"
}