{
  "best_epoch": 32,
  "best_val_dice_during_training": 0.7988833699907575,
  "best_train_metrics": {
    "loss": 0.14100156551702916,
    "seg_loss": 0.11754709507459157,
    "edge_loss": 0.07818156467568517,
    "dice": 0.9148259260677013,
    "iou": 0.8501698432096547,
    "precision": 0.8976346561773342,
    "recall": 0.941050856459404
  },
  "best_val_metrics": {
    "loss": 0.3267810137144157,
    "seg_loss": 0.2739639722165607,
    "edge_loss": 0.17605679983361847,
    "dice": 0.7988833699907575,
    "iou": 0.698304944449947,
    "precision": 0.8174645922013691,
    "recall": 0.8343398088500613
  },
  "test_metrics": {
    "loss": 0.24989349047342937,
    "seg_loss": 0.20627768983443578,
    "edge_loss": 0.14538599625229837,
    "dice": 0.8479302595059077,
    "iou": 0.7558903137842814,
    "precision": 0.8509368787209193,
    "recall": 0.8712095896402995
  }
}