{
  "loss": 0.31302746908650514,
  "dice": 0.8471502726296408,
  "iou": 0.7348314810829819,
  "precision": 0.8376777796049736,
  "recall": 0.8568394465317959,
  "tp": 3479200.0,
  "fp": 674187.0,
  "fn": 581304.0,
  "tn": 126337309.0
}