{
  "loss": 0.2157140923340802,
  "dice": 0.9044217756789154,
  "iou": 0.8255200364532405,
  "precision": 0.8976456044679464,
  "recall": 0.9113010293272601,
  "tp": 27579207.0,
  "fp": 3144730.0,
  "fn": 2684346.0,
  "tn": 962738917.0
}