{
  "best_epoch": 170,
  "best_val_dice_during_training": 0.8471502726296408,
  "best_train_metrics": {
    "loss": 0.2157140923340802,
    "dice": 0.9044217756789154,
    "iou": 0.8255200364532405,
    "precision": 0.8976456044679464,
    "recall": 0.9113010293272601,
    "tp": 27579207.0,
    "fp": 3144730.0,
    "fn": 2684346.0,
    "tn": 962738917.0
  },
  "best_val_metrics": {
    "loss": 0.31302746908650514,
    "dice": 0.8471502726296408,
    "iou": 0.7348314810829819,
    "precision": 0.8376777796049736,
    "recall": 0.8568394465317959,
    "tp": 3479200.0,
    "fp": 674187.0,
    "fn": 581304.0,
    "tn": 126337309.0
  },
  "test_metrics": {
    "loss": 0.2642833224187295,
    "dice": 0.8783082725448154,
    "iou": 0.7830210841774634,
    "precision": 0.8780724848983448,
    "recall": 0.8785441868568302,
    "tp": 2713143.0,
    "fp": 376742.0,
    "fn": 375083.0,
    "tn": 90382584.0
  }
}