{
  "loss": 0.23971543885320895,
  "dice": 0.8899381476811827,
  "iou": 0.8017014059371439,
  "precision": 0.8974139209228498,
  "recall": 0.8825858970874646,
  "tp": 26752250.0,
  "fp": 3058130.0,
  "fn": 3558964.0,
  "tn": 962777856.0
}