{
  "loss": 0.3199482616924104,
  "dice": 0.8468631065165637,
  "iou": 0.7343994553485864,
  "precision": 0.8521861842571561,
  "recall": 0.8416061158910713,
  "tp": 3417345.0,
  "fp": 592747.0,
  "fn": 643159.0,
  "tn": 126418749.0
}