{
  "best_epoch": 125,
  "best_val_dice_during_training": 0.8468631065165637,
  "best_train_metrics": {
    "loss": 0.23971543885320895,
    "dice": 0.8899381476811827,
    "iou": 0.8017014059371439,
    "precision": 0.8974139209228498,
    "recall": 0.8825858970874646,
    "tp": 26752250.0,
    "fp": 3058130.0,
    "fn": 3558964.0,
    "tn": 962777856.0
  },
  "best_val_metrics": {
    "loss": 0.3199482616924104,
    "dice": 0.8468631065165637,
    "iou": 0.7343994553485864,
    "precision": 0.8521861842571561,
    "recall": 0.8416061158910713,
    "tp": 3417345.0,
    "fp": 592747.0,
    "fn": 643159.0,
    "tn": 126418749.0
  },
  "test_metrics": {
    "loss": 0.26543294489383695,
    "dice": 0.8763250685870189,
    "iou": 0.7798741825494918,
    "precision": 0.8900853150847255,
    "recall": 0.8629837971703291,
    "tp": 2665089.0,
    "fp": 329106.0,
    "fn": 423137.0,
    "tn": 90430220.0
  }
}