{
  "loss": 0.13592643797256593,
  "dice": 0.8929218281330746,
  "iou": 0.8179926061855882,
  "precision": 0.9038688645753951,
  "recall": 0.8956151693025222
}