{
  "loss": 0.2582537619663136,
  "dice": 0.7986328424442382,
  "iou": 0.698592579080945,
  "precision": 0.8450885897591001,
  "recall": 0.8056300417298362
}