{
  "run_name": "resunet_boundaryonly_mkdc_d1a_e50_bs6",
  "num_cases": 358,
  "threshold": 0.5,
  "mean_dice": 0.8392228103561491,
  "mean_iou": 0.7433209848945598,
  "mean_precision": 0.8740944306120074,
  "mean_recall": 0.8373853640224971,
  "median_dice": 0.8854576331133555,
  "median_iou": 0.7944584923390625,
  "median_precision": 0.9144509295322228,
  "median_recall": 0.8956643838839013,
  "module_name": "train_resunet_boundaryonly_mkdc_d1a",
  "class_name": "ResNet34UNetBoundaryOnlyMKDC",
  "checkpoint": "/share/home/u2515283028/caries_project/runs/resunet_boundaryonly_mkdc_d1a_e50_bs6/checkpoints/best.pth",
  "per_case_csv": "/share/home/u2515283028/caries_project/runs/resunet_boundaryonly_mkdc_d1a_e50_bs6/per_case_metrics.csv"
}