{
  "best_epoch": 29,
  "best_val_dice_during_training": 0.7986328424442382,
  "best_train_metrics": {
    "loss": 0.13592643797256593,
    "dice": 0.8929218281330746,
    "iou": 0.8179926061855882,
    "precision": 0.9038688645753951,
    "recall": 0.8956151693025222
  },
  "best_val_metrics": {
    "loss": 0.2582537619663136,
    "dice": 0.7986328424442382,
    "iou": 0.698592579080945,
    "precision": 0.8450885897591001,
    "recall": 0.8056300417298362
  },
  "test_metrics": {
    "loss": 0.20592265749971073,
    "dice": 0.8396137684583664,
    "iou": 0.7438545217116673,
    "precision": 0.8742216487725576,
    "recall": 0.8378799090782801
  }
}