{
  "loss": 0.2566693656235224,
  "dice": 0.7991486794891811,
  "iou": 0.6972376640353884,
  "precision": 0.8310355529898689,
  "recall": 0.8156586786111196
}