{
  "loss": 0.13779826369430365,
  "dice": 0.8911470181370383,
  "iou": 0.8150704656301613,
  "precision": 0.8953496632327793,
  "recall": 0.90058098794534
}