{
  "best_epoch": 30,
  "best_val_dice_during_training": 0.7991486794891811,
  "best_train_metrics": {
    "loss": 0.13779826369430365,
    "dice": 0.8911470181370383,
    "iou": 0.8150704656301613,
    "precision": 0.8953496632327793,
    "recall": 0.90058098794534
  },
  "best_val_metrics": {
    "loss": 0.2566693656235224,
    "dice": 0.7991486794891811,
    "iou": 0.6972376640353884,
    "precision": 0.8310355529898689,
    "recall": 0.8156586786111196
  },
  "test_metrics": {
    "loss": 0.20465435907244683,
    "dice": 0.8398844569921493,
    "iou": 0.7454086681207021,
    "precision": 0.8645604193210602,
    "recall": 0.848473941286405
  }
}