{
  "loss": 0.10341039771208252,
  "dice": 0.9258769427188187,
  "iou": 0.8682168257725351,
  "precision": 0.9286343201477821,
  "recall": 0.9293187048156931
}