{
  "loss": 0.25984273558216436,
  "dice": 0.8094199356578645,
  "iou": 0.7094690395253045,
  "precision": 0.8433509220679601,
  "recall": 0.8185381030752545
}