{
  "best_epoch": 36,
  "best_val_dice_during_training": 0.8094199356578645,
  "best_train_metrics": {
    "loss": 0.10341039771208252,
    "dice": 0.9258769427188187,
    "iou": 0.8682168257725351,
    "precision": 0.9286343201477821,
    "recall": 0.9293187048156931
  },
  "best_val_metrics": {
    "loss": 0.25984273558216436,
    "dice": 0.8094199356578645,
    "iou": 0.7094690395253045,
    "precision": 0.8433509220679601,
    "recall": 0.8185381030752545
  },
  "test_metrics": {
    "loss": 0.2098905053610603,
    "dice": 0.8472611000140507,
    "iou": 0.7557864040136337,
    "precision": 0.8777646233638128,
    "recall": 0.8490967412789663
  }
}