{
  "loss": 0.14120026563855376,
  "dice": 0.8873700323729109,
  "iou": 0.8090523590424835,
  "precision": 0.8832513931609854,
  "recall": 0.9060201428666099
}