{
  "loss": 0.21841106719026962,
  "dice": 0.830421778417769,
  "iou": 0.7349304549750828,
  "precision": 0.8315559320506596,
  "recall": 0.8637003125179381
}