{
  "best_epoch": 171,
  "best_val_dice_during_training": 0.830421778417769,
  "best_train_metrics": {
    "loss": 0.14120026563855376,
    "dice": 0.8873700323729109,
    "iou": 0.8090523590424835,
    "precision": 0.8832513931609854,
    "recall": 0.9060201428666099
  },
  "best_val_metrics": {
    "loss": 0.21841106719026962,
    "dice": 0.830421778417769,
    "iou": 0.7349304549750828,
    "precision": 0.8315559320506596,
    "recall": 0.8637003125179381
  },
  "test_metrics": {
    "loss": 0.17147648849834998,
    "dice": 0.8647473484277726,
    "iou": 0.7756753673156103,
    "precision": 0.8630060017108917,
    "recall": 0.8914221187432607
  }
}