{
  "loss": 0.21257541875122848,
  "dice": 0.9053932742994991,
  "iou": 0.8271402441092159,
  "precision": 0.8972917631724766,
  "recall": 0.913642412961555,
  "tp": 27879843.0,
  "fp": 3191258.0,
  "fn": 2635206.0,
  "tn": 962440893.0
}