{
  "loss": 0.3159749700377385,
  "dice": 0.8492814617374561,
  "iou": 0.7380444769924435,
  "precision": 0.8487370982134884,
  "recall": 0.8498265239980431,
  "tp": 3450724.0,
  "fp": 614992.0,
  "fn": 609780.0,
  "tn": 126396504.0
}