{
  "best_epoch": 150,
  "best_val_dice_during_training": 0.8492814617374561,
  "best_train_metrics": {
    "loss": 0.21257541875122848,
    "dice": 0.9053932742994991,
    "iou": 0.8271402441092159,
    "precision": 0.8972917631724766,
    "recall": 0.913642412961555,
    "tp": 27879843.0,
    "fp": 3191258.0,
    "fn": 2635206.0,
    "tn": 962440893.0
  },
  "best_val_metrics": {
    "loss": 0.3159749700377385,
    "dice": 0.8492814617374561,
    "iou": 0.7380444769924435,
    "precision": 0.8487370982134884,
    "recall": 0.8498265239980431,
    "tp": 3450724.0,
    "fp": 614992.0,
    "fn": 609780.0,
    "tn": 126396504.0
  },
  "test_metrics": {
    "loss": 0.2574996933341026,
    "dice": 0.8827487790056826,
    "iou": 0.7901076878842868,
    "precision": 0.8783925027493088,
    "recall": 0.8871484794183174,
    "tp": 2739715.0,
    "fp": 379295.0,
    "fn": 348511.0,
    "tn": 90380031.0
  }
}